index,DogName, Count
0,BELLA,147
1,LUNA,111
2,MAX,90
3,BUDDY,85
4,DAISY,75
5,SADIE,72
6,CHARLIE,69
7,LUCY,66
8,COOPER,65
9,LOKI,65
10,BAILEY,60
11,WILLOW,59
12,MOLLY,56
13,JACK,55
14,LILY,55
15,MAGGIE,54
16,ROSIE,54
17,BEAR,52
18,DENALI,50
19,KODA,50
20,ROCKY,50
21,RUBY,46
22,BLUE,45
23,COCO,45
24,ZEUS,45
25,KONA,44
26,LOLA,44
27,KENAI,43
28,DUKE,42
29,NALA,42
30,RILEY,40
31,ABBY,39
32,MILO,39
33,GINGER,38
34,HARLEY,38
35,PENNY,38
36,SHADOW,37
37,SOPHIE,36
38,BANDIT,35
39,CHLOE,35
40,MOOSE,35
41,THOR,35
42,TOBY,33
43,GRACIE,31
44,GUS,31
45,OLLIE,31
46,PEPPER,30
47,SCOUT,30
48,ZOEY,30
49,LADY,29
50,COPPER,28
51,JASPER,28
52,LUCKY,28
53,MURPHY,28
54,PIPER,28
55,DEXTER,27
56,ROXY,27
57,JAKE,25
58,LEO,25
59,STELLA,25
60,KISKA,24
61,WINSTON,24
62,CHANCE,23
63,ELLIE,23
64,FINN,23
65,HONEY,23
66,APOLLO,22
67,BRUNO,22
68,CHEWY,22
69,JAX,22
70,LILLY,22
71,MARLEY,22
72,NOVA,22
73,RANGER,22
74,RUGER,22
75,TUCKER,22
76,ANGEL,21
77,EMMA,21
78,LOUIE,21
79,OAKLEY,21
80,SUGAR,21
81,BENTLEY,20
82,BUSTER,20
83,DIESEL,20
84,HANK,20
85,KING,20
86,LULU,20
87,ODIN,20
88,OLIVER,20
89,TITAN,20
90,ZOE,20
91,DIXIE,19
92,LUKE,19
93,POPPY,19
94,RAVEN,19
95,SASHA,19
96,TANK,19
97,YUKON,19
98,ATHENA,18
99,GIZMO,18
100,KODIAK,18
101,MAYA,18
102,PEANUT,18
103,PRINCESS,18
104,BO,17
105,GEORGE,17
106,MISKA,17
107,OLIVE,17
108,SAM,17
109,SMOKEY,17
110,DOZER,16
111,HUNTER,16
112,KINLEY,16
113,KOBUK,16
114,MIA,16
115,PENELOPE,16
116,RIVER,16
117,RUSTY,16
118,SAMMY,16
119,TEDDY,16
120,ANNIE,15
121,BAXTER,15
122,CHICO,15
123,KAI,15
124,LEXI,15
125,MAVERICK,15
126,OSCAR,15
127,BABY,14
128,BOOMER,14
129,DAKOTA,14
130,FREYA,14
131,IZZY,14
132,MILLIE,14
133,OREO,14
134,TYSON,14
135,ASPEN,13
136,BUBBA,13
137,GUNNER,13
138,HENRY,13
139,KATIE,13
140,MOCHA,13
141,ODIE,13
142,PEARL,13
143,PHOEBE,13
144,REMI,13
145,REX,13
146,ROMEO,13
147,ROSCOE,13
148,RUDY,13
149,SITKA,13
150,TAZ,13
151,ACE,12
152,FRANKIE,12
153,HARPER,12
154,HAZEL,12
155,JACKSON,12
156,KOA,12
157,LAYLA,12
158,MAXIMUS,12
159,ONYX,12
160,OTIS,12
161,PRINCE,12
162,ROCCO,12
163,AURORA,11
164,AXEL,11
165,BELLE,11
166,BLU,11
167,CHENA,11
168,CRICKET,11
169,ELLA,11
170,FINLEY,11
171,GOOSE,11
172,LEIA,11
173,MACY,11
174,MICKEY,11
175,MIDNIGHT,11
176,MINNIE,11
177,MISSY,11
178,MISTY,11
179,ROXIE,11
180,TILLY,11
181,WHISKEY,11
182,YUKI,11
183,ARCHIE,10
184,BALTO,10
185,BEAU,10
186,BENNY,10
187,BODHI,10
188,CODY,10
189,DESHKA,10
190,HARVEY,10
191,JUNEAU,10
192,JUNO,10
193,RIPLEY,10
194,RYDER,10
195,SAGE,10
196,SAMPSON,10
197,SANDY,10
198,SCOOBY,10
199,SUKI,10
200,THEO,10
201,TUNDRA,10
202,WINNIE,10
203,ZEKE,10
204,ZIGGY,10
205,BEN,9
206,BISCUIT,9
207,BRUCE,9
208,BUCK,9
209,CAPTAIN,9
210,CHASE,9
211,CHICA,9
212,CINNAMON,9
213,COCOA,9
214,DAISY MAE,9
215,DOLLY,9
216,EDDIE,9
217,ENZO,9
218,HOMER,9
219,IVY,9
220,JADE,9
221,JASMINE,9
222,LEROY,9
223,PHOENIX,9
224,PRECIOUS,9
225,REMINGTON,9
226,ROCKET,9
227,STAR,9
228,STORMY,9
229,WINTER,9
230,ZELDA,9
231,ANUBIS,8
232,ASH,8
233,ATLAS,8
234,BARLEY,8
235,BOO,8
236,CALI,8
237,CHAMP,8
238,CHEVY,8
239,CHIEF,8
240,CHINOOK,8
241,CHIP,8
242,COOKIE,8
243,DALLAS,8
244,DAX,8
245,DELTA,8
246,DIAMOND,8
247,DUSTY,8
248,ELVIS,8
249,GOLDIE,8
250,HERCULES,8
251,HOLLY,8
252,JOSIE,8
253,KIKI,8
254,KILO,8
255,KIRBY,8
256,KIWI,8
257,NELLIE,8
258,NINA,8
259,NUKKA,8
260,RASCAL,8
261,RED,8
262,ROSE,8
263,SCOOTER,8
264,SHEBA,8
265,SHELBY,8
266,SIMBA,8
267,STANLEY,8
268,SYDNEY,8
269,THUNDER,8
270,TRIGGER,8
271,VIOLET,8
272,WALTER,8
273,XENA,8
274,YETI,8
275,ACHILLES,7
276,AMBER,7
277,ARLO,7
278,ARTEMIS,7
279,BALOO,7
280,BOSS,7
281,BRODY,7
282,BROOKS,7
283,BROWNIE,7
284,CHARLEY,7
285,CLEMENTINE,7
286,COMET,7
287,DELILAH,7
288,DOBBY,7
289,DOUG,7
290,DUTCH,7
291,ECHO,7
292,FRED,7
293,GIGI,7
294,HADES,7
295,HANNAH,7
296,HEIDI,7
297,HOPE,7
298,JOJO,7
299,KALI,7
300,KARMA,7
301,KIMBER,7
302,KIRA,7
303,LOGAN,7
304,MABEL,7
305,MAC,7
306,MADDIE,7
307,MAJOR,7
308,MAUI,7
309,MOJO,7
310,NYX,7
311,OZZY,7
312,PATCHES,7
313,PERCY,7
314,ROO,7
315,RUFUS,7
316,SAMANTHA,7
317,SAMSON,7
318,SASSY,7
319,SCRAPPY,7
320,SKY,7
321,SPARKY,7
322,SPIKE,7
323,SWEET PEA,7
324,TRIXIE,7
325,WILLIE,7
326,WILSON,7
327,ADAK,6
328,ALLIE,6
329,ANGUS,6
330,ARCHER,6
331,ARYA,6
332,AUTUMN,6
333,BABY GIRL,6
334,BAUER,6
335,BENJI,6
336,BETTY,6
337,BONNIE,6
338,BOOTS,6
339,BRUISER,6
340,BRUTUS,6
341,CALVIN,6
342,CASH,6
343,CLOVER,6
344,DARCY,6
345,DASH,6
346,EMBER,6
347,ESKA,6
348,FINNEGAN,6
349,FLETCHER,6
350,FRANK,6
351,FREYJA,6
352,GRACE,6
353,GYPSY,6
354,HAILEY,6
355,HUDSON,6
356,JOEY,6
357,JOY,6
358,KAIA,6
359,KAYA,6
360,KOBE,6
361,LENNY,6
362,LEVI,6
363,MADISON,6
364,MARSHALL,6
365,MERLIN,6
366,NANOOK,6
367,NUKA,6
368,OTTO,6
369,PACO,6
370,PANDA,6
371,PARKER,6
372,PETEY,6
373,PILOT,6
374,PORTER,6
375,QUINN,6
376,RAGNAR,6
377,REGGIE,6
378,REMY,6
379,RIO,6
380,ROMAN,6
381,ROWDY,6
382,SHILOH,6
383,SKYE,6
384,SNOOPY,6
385,STEVE,6
386,STORM,6
387,SUNNY,6
388,TALLULAH,6
389,TIMBER,6
390,TINKERBELL,6
391,TINY,6
392,TUX,6
393,WALLY,6
394,WATSON,6
395,WILEY,6
396,YOGI,6
397,ZIVA,6
398,ADA,5
399,ALLY,5
400,AMELIA,5
401,ARIEL,5
402,AUGGIE,5
403,AVA,5
404,BANJO,5
405,BASIL,5
406,BEBE,5
407,BJORN,5
408,BOB,5
409,BOLT,5
410,BONES,5
411,BOWIE,5
412,BRANDY,5
413,BULLET,5
414,BUTTERCUP,5
415,BUZZ,5
416,CASEY,5
417,CASSIE,5
418,CHAOS,5
419,CHERRY,5
420,CHESTER,5
421,CHEWBACCA,5
422,CHOPPER,5
423,CLEO,5
424,CLYDE,5
425,COSMO,5
426,DIEGO,5
427,DIGGER,5
428,DOC,5
429,DOTTIE,5
430,EDDY,5
431,FAITH,5
432,FANCY,5
433,FERGUS,5
434,FOXY,5
435,FRITZ,5
436,GHOST,5
437,GINNY,5
438,GLORY,5
439,GRIZZLY,5
440,GUCCI,5
441,GUINNESS,5
442,HAPPY,5
443,JAVA,5
444,JAXSON,5
445,JAXX,5
446,JUNIOR,5
447,JUNIPER,5
448,KIANA,5
449,KOVU,5
450,KUMA,5
451,KYRA,5
452,LEXIE,5
453,LILA,5
454,LOUIS,5
455,LUCA,5
456,MADDY,5
457,MAISIE,5
458,MARTY,5
459,MATILDA,5
460,MIKEY,5
461,MILES,5
462,MIMI,5
463,MISHKA,5
464,MOCHI,5
465,MOKI,5
466,MONTE,5
467,MORGAN,5
468,MOWGLI,5
469,MOXIE,5
470,NACHO,5
471,NIKO,5
472,OBI,5
473,OZZIE,5
474,PABLO,5
475,PIPPIN,5
476,POTTER,5
477,QUEEN,5
478,RAIDER,5
479,RICO,5
480,ROGER,5
481,SALLY,5
482,SCRUFFY,5
483,SEBASTIAN,5
484,SIERRA,5
485,SNICKERS,5
486,SUMMER,5
487,SVEN,5
488,TACO,5
489,TEDDY BEAR,5
490,TESS,5
491,THUMPER,5
492,TITUS,5
493,TOK,5
494,TRAPPER,5
495,TUFFY,5
496,VADER,5
497,WAFFLES,5
498,WILLA,5
499,WRANGELL,5
500,WRIGLEY,5
501,XANDER,5
502,ADDY,4
503,AJAX,4
504,ARGOS,4
505,ARIES,4
506,ASHER,4
507,ASTRO,4
508,ATKA,4
509,AVALANCHE,4
510,AXLE,4
511,BEAN,4
512,BEAST,4
513,BENTLY,4
514,BESSIE,4
515,BIGGIE,4
516,BLOSSOM,4
517,BOBBY,4
518,BOWSER,4
519,BREE,4
520,BRISTOL,4
521,BUCKY,4
522,BUG,4
523,BUTTERS,4
524,CALLIE,4
525,CHARLOTTE,4
526,CHEWIE,4
527,CHICHI,4
528,CHILI,4
529,CHOP,4
530,CHURRO,4
531,CINDER,4
532,CLOUD,4
533,CODA,4
534,COHO,4
535,COWBOY,4
536,CUJO,4
537,CURLY,4
538,DINO,4
539,DOMINO,4
540,DUDE,4
541,DUTCHESS,4
542,DYLAN,4
543,EEVEE,4
544,ELI,4
545,ELLI,4
546,ELSA,4
547,ERNIE,4
548,FELIX,4
549,FLUFFY,4
550,FLYNN,4
551,GABBY,4
552,GAGE,4
553,GEORGIA,4
554,GRANITE,4
555,GROOT,4
556,GUNNAR,4
557,HANSEL,4
558,HATCHER,4
559,HAVOC,4
560,HEALY,4
561,HERSHEY,4
562,HICCUP,4
563,HUCK,4
564,HUCKLEBERRY,4
565,ISABELLA,4
566,JACKIE,4
567,JAXON,4
568,JAZZY,4
569,JEDI,4
570,JETHRO,4
571,KAISER,4
572,KARL,4
573,KATO,4
574,KATY,4
575,KAYLEE,4
576,KYLO,4
577,LANA,4
578,LEAH,4
579,LIBBY,4
580,LILO,4
581,LITTLE BEAR,4
582,LIZZY,4
583,LOU,4
584,LUKA,4
585,LYLA,4
586,LYRA,4
587,MACK,4
588,MAISY,4
589,MANGO,4
590,MAPLE,4
591,MARCO,4
592,MASON,4
593,MCKINLEY,4
594,MILA,4
595,MILEY,4
596,MINI,4
597,MISO,4
598,MOE,4
599,MURRAY,4
600,NANUQ,4
601,NASH,4
602,NIKE,4
603,NIKKI,4
604,NOODLE,4
605,OLAF,4
606,ORION,4
607,OSIRIS,4
608,OTTER,4
609,PAISLEY,4
610,PAPI,4
611,PICKLES,4
612,PIPPA,4
613,PIXEL,4
614,PUCK,4
615,QUEENIE,4
616,QUINCY,4
617,RAINA,4
618,REESE,4
619,ROSCO,4
620,ROVER,4
621,SARGE,4
622,SCARLETT,4
623,SCOTTY,4
624,SHERLOCK,4
625,SHERMAN,4
626,SIDNEY,4
627,SIMON,4
628,SNOW,4
629,SNOWBALL,4
630,SOCKS,4
631,SONNY,4
632,SOPHIA,4
633,SPENCER,4
634,SPIRIT,4
635,SPOCK,4
636,STITCH,4
637,SWEETIE,4
638,TANNER,4
639,TINK,4
640,TITO,4
641,TONKA,4
642,TOOTSIE,4
643,TROOPER,4
644,TURBO,4
645,TY,4
646,WAYLON,4
647,WHISPER,4
648,WIGGLES,4
649,YODA,4
650,ZORA,4
651,ZUKO,4
652,AUGUST,3
653,JUNE,3
654,ABE,3
655,ABIGAIL,3
656,ADDIE,3
657,AIKO,3
658,ALEX,3
659,ALICE,3
660,ALYESKA,3
661,ANDY,3
662,ANNA,3
663,ANYA,3
664,APPA,3
665,ARIA,3
666,ARTHUR,3
667,BAKER,3
668,BAM BAM,3
669,BARKLEY,3
670,BARNEY,3
671,BARRETT,3
672,BEAUREGARD,3
673,BELL,3
674,BENELLI,3
675,BENJAMIN,3
676,BENSON,3
677,BIGGS,3
678,BINGO,3
679,BLAZE,3
680,BLEU,3
681,BLITZ,3
682,BODE,3
683,BONITA,3
684,BOONE,3
685,BOSCO,3
686,BRADY,3
687,BROOK,3
688,BRUCE WAYNE,3
689,BRYN,3
690,BUD,3
691,BUDDHA,3
692,BUFFY,3
693,BUGSY,3
694,BUNNY,3
695,BURT,3
696,BUSTER BROWN,3
697,BUTTONS,3
698,BYRON,3
699,CAESAR,3
700,CARA,3
701,CARL,3
702,CARSON,3
703,CEDAR,3
704,CHACO,3
705,CHANDLER,3
706,CHARLIE BROWN,3
707,CLOE,3
708,COAL,3
709,CONNOR,3
710,CORA,3
711,CRYSTAL,3
712,CYRUS,3
713,DAHLIA,3
714,DAPHNE,3
715,DAWSON,3
716,DELLA,3
717,DEWEY,3
718,DHARMA,3
719,DILLON,3
720,DJ,3
721,DJANGO,3
722,DORY,3
723,DOUGLAS,3
724,DRACO,3
725,DRAKE,3
726,DUBLIN,3
727,DUCHESS,3
728,DUNCAN,3
729,EDWARD,3
730,ELEANOR,3
731,ELSIE,3
732,EMMETT,3
733,FIONA,3
734,FITZ,3
735,FLOYD,3
736,FOZZIE,3
737,FREDDIE,3
738,FRODO,3
739,GAIA,3
740,GALENA,3
741,GAMBIT,3
742,GAUGE,3
743,GEMMA,3
744,GEORGIE,3
745,GIBBS,3
746,GRADY,3
747,GRAVY,3
748,GRETA,3
749,GUNNY,3
750,HALLEY,3
751,HALO,3
752,HARLOW,3
753,HAYLEE,3
754,HONDO,3
755,HOPPER,3
756,HOWIE,3
757,HUGO,3
758,HURLEY,3
759,INDIE,3
760,INDIGO,3
761,IRIS,3
762,ISABELLE,3
763,ISIS,3
764,JADA,3
765,JAEGER,3
766,JAGER,3
767,JAZMIN,3
768,JENNY,3
769,JESSE,3
770,JESSIE,3
771,JEWEL,3
772,JIMMY,3
773,JINX,3
774,JJ,3
775,JUDY,3
776,KAHLUA,3
777,KAIYA,3
778,KANE,3
779,KANGA,3
780,KASPER,3
781,KATE,3
782,KAYLA,3
783,KC,3
784,KELLY,3
785,KENZIE,3
786,KETA,3
787,KEVIN,3
788,KHAN,3
789,KIARA,3
790,KIERA,3
791,KIKO,3
792,KIMURA,3
793,KINGSTON,3
794,KITA,3
795,KNIGHT,3
796,KOJI,3
797,KOKO,3
798,KOTA,3
799,LACEY,3
800,LACY,3
801,LADYBUG,3
802,LAILA,3
803,LARRY,3
804,LEMMY,3
805,LENA,3
806,LINCOLN,3
807,LOBO,3
808,LOVE,3
809,LUCAS,3
810,LUMEN,3
811,LUMI,3
812,LUPIN,3
813,MANDO,3
814,MARY,3
815,MAXX,3
816,MAZIE,3
817,MAZY,3
818,MEEKO,3
819,MERCY,3
820,MERIDA,3
821,MINDY,3
822,MISTER,3
823,MOMO,3
824,MONTY,3
825,MUFFIN,3
826,MYAH,3
827,MYSTIQUE,3
828,NEO,3
829,NICO,3
830,NINJA,3
831,NINO,3
832,NOBLE,3
833,OLLY,3
834,OPAL,3
835,OPIE,3
836,ORCA,3
837,PANCHO,3
838,PANTHER,3
839,PARIS,3
840,PATCH,3
841,PATRICK,3
842,PATTY,3
843,PAXSON,3
844,PEBBLES,3
845,PEGGY,3
846,PEPITO,3
847,PEPSI,3
848,PIKA,3
849,PIPPI,3
850,PIXIE,3
851,POLARIS,3
852,RAMBO,3
853,RAYNE,3
854,REBEL,3
855,REINA,3
856,RIZZO,3
857,ROCKO,3
858,ROGUE,3
859,ROLLY,3
860,ROSEY,3
861,ROYAL,3
862,RUE,3
863,RUPERT,3
864,RYKER,3
865,SABER,3
866,SABLE,3
867,SAVAGE,3
868,SCARLET,3
869,SCULLY,3
870,SEAMUS,3
871,SHASTA,3
872,SHELDON,3
873,SHORTY,3
874,SKADI,3
875,SKIPPER,3
876,SKIPPY,3
877,SKYLAR,3
878,SLINKY,3
879,SNIPER,3
880,SOFIE,3
881,SOLO,3
882,SOX,3
883,SPICE,3
884,SPROCKET,3
885,SPUD,3
886,SQUIRREL,3
887,SQUIRT,3
888,STAN,3
889,STEVIE,3
890,STOUT,3
891,STRYKER,3
892,SULLY,3
893,SUMMIT,3
894,SUNNI,3
895,SUNSHINE,3
896,SUSIE,3
897,SUZIE,3
898,SUZIE Q,3
899,SYLVIE,3
900,TARA,3
901,TASHA,3
902,TED,3
903,TESSA,3
904,TEX,3
905,THOMAS,3
906,TIGER,3
907,TIKA,3
908,TIPPY,3
909,TORI,3
910,TUGBOAT,3
911,VANILLA,3
912,VEGA,3
913,VEGAS,3
914,WICKET,3
915,WINCHESTER,3
916,WOODY,3
917,WRANGLER,3
918,YOSHI,3
919,ZARA,3
920,ZERO,3
921,ZIGGIE,3
922,ZULU,3
923,FRIDAY,2
924,MAY,2
925,JUN,2
926,ABBEY,2
927,ABEL,2
928,ADONIS,2
929,AIALIK,2
930,AKIRA,2
931,ALASKA,2
932,ALBERT,2
933,ALEXIS,2
934,ALFALFA,2
935,ALFRED,2
936,ALI,2
937,ALIBI,2
938,ALLEY,2
939,ALLI,2
940,ALLIYAH,2
941,ALPHA,2
942,ANGIE,2
943,ANNABELLE,2
944,ANON,2
945,AOIFE,2
946,ARES,2
947,ATILLA,2
948,ATTICUS,2
949,ATTU,2
950,AUDREY,2
951,AUGUSTUS,2
952,AZUL,2
953,BADGER,2
954,BALDUR,2
955,BALOU,2
956,BAMBAM,2
957,BARON,2
958,BART,2
959,BAS,2
960,BEA,2
961,BEANS,2
962,BECKY,2
963,BELLA ROSE,2
964,BELLATRIX,2
965,BERETTA,2
966,BERNARD,2
967,BERNIE,2
968,BETSY,2
969,BILLY,2
970,BINX,2
971,BIRDIE,2
972,BISHOP,2
973,BLACKY,2
974,BLITZEN,2
975,BLIZZARD,2
976,BLONDIE,2
977,BLUEBERRY,2
978,BOCEPHUS,2
979,BOGART,2
980,BOMBER,2
981,BOOGIE,2
982,BOREALIS,2
983,BORIS,2
984,BOSLEY,2
985,BOSSY,2
986,BOULDER,2
987,BOWZER,2
988,BOY,2
989,BRANDI,2
990,BRENIN,2
991,BREWSKY,2
992,BRIAN,2
993,BRIDGETTE,2
994,BRIO,2
995,BRIXTON,2
996,BRODIE,2
997,BRONCO,2
998,BRONSON,2
999,BRONX,2
1000,BRU,2
1001,BUBBLES,2
1002,BUCKLEY,2
1003,BUGS,2
1004,BUOY,2
1005,C.B.,2
1006,CAL,2
1007,CALICO,2
1008,CALISTA,2
1009,CANDY,2
1010,CANELA,2
1011,CANELO,2
1012,CAPONE,2
1013,CARLOS,2
1014,CARMEL,2
1015,CASPER,2
1016,CASS,2
1017,CECE,2
1018,CELLO,2
1019,CEZAR,2
1020,CHAI,2
1021,CHARLES,2
1022,CHEDDAR,2
1023,CHEETAH,2
1024,CHI CHI,2
1025,CHIBI,2
1026,CHINO,2
1027,CHIQUITA,2
1028,CHOCO,2
1029,CHORIZO,2
1030,CHUBBS,2
1031,CHUNK,2
1032,CLARK,2
1033,CLAY,2
1034,COLBY,2
1035,COLT,2
1036,CORWIN,2
1037,COU,2
1038,COVIE,2
1039,CRASH,2
1040,CRUISER,2
1041,CUDDLES,2
1042,CUPCAKE,2
1043,DAGGER,2
1044,DAMU,2
1045,DANNY,2
1046,DARBY,2
1047,DEISEL,2
1048,DEJA,2
1049,DENAHI,2
1050,DENVER,2
1051,DETROIT,2
1052,DEUCE,2
1053,DIPPER,2
1054,DIVA,2
1055,DIXON,2
1056,DODGE,2
1057,DODGER,2
1058,DOLA,2
1059,DOOBIE,2
1060,DORA,2
1061,DORI,2
1062,DRAKO,2
1063,DUCK,2
1064,DUCKY,2
1065,DUDLEY,2
1066,DUMPLING,2
1067,DYNASTY,2
1068,EINSTEIN,2
1069,ELBERT,2
1070,ELIAS,2
1071,ELLE,2
1072,ELLIE MAE,2
1073,ELLIE MAY,2
1074,EMILY,2
1075,EVEE,2
1076,FALKOR,2
1077,FERMI,2
1078,FERN,2
1079,FIDO,2
1080,FLASH,2
1081,FLOKI,2
1082,FLOWER,2
1083,FORREST,2
1084,FRANKLIN,2
1085,FRECKLES,2
1086,FREDDY,2
1087,FRIDA,2
1088,GABE,2
1089,GABRIEL,2
1090,GERTIE,2
1091,GERTRUDE,2
1092,GIDGET,2
1093,GINO,2
1094,GIOVANNI,2
1095,GIRAFFAEL,2
1096,GLACIER,2
1097,GOKU,2
1098,GORDO,2
1099,GORMON,2
1100,GOUDA,2
1101,GRETCHEN,2
1102,GRIFFIN,2
1103,GRIZ,2
1104,GRIZZ,2
1105,GRIZZLEY,2
1106,GROVER,2
1107,GUAPO,2
1108,GUIDO,2
1109,GUINESS,2
1110,GUNTER,2
1111,GUNTHER,2
1112,GURL,2
1113,GUSTAVO,2
1114,HAMMER,2
1115,HAN SOLO,2
1116,HANNA,2
1117,HANS,2
1118,HARLEY QUINN,2
1119,HARRY,2
1120,HAYDUKE,2
1121,HAZARD,2
1122,HECTOR,2
1123,HENDRIX,2
1124,HERA,2
1125,HERMES,2
1126,HERMIONE,2
1127,HILTI,2
1128,HULK,2
1129,HUNNY,2
1130,IKAIKA,2
1131,IKE,2
1132,INDIAN,2
1133,INDIANA,2
1134,INDIANA JONES,2
1135,INDY,2
1136,ISABEL,2
1137,ITSY,2
1138,IVAN,2
1139,J,2
1140,JACKO,2
1141,JADEN,2
1142,JAGGER,2
1143,JANE,2
1144,JAY,2
1145,JAZZ,2
1146,JEFF,2
1147,JELLY,2
1148,JERSEY,2
1149,JETT,2
1150,JEWELS,2
1151,JILL,2
1152,JOANIE,2
1153,JOE,2
1154,JOKER,2
1155,JOLLY ROGERS,2
1156,JONES,2
1157,JORDY,2
1158,JOSE,2
1159,JUDE,2
1160,JUDGE,2
1161,JUJU,2
1162,JULIA,2
1163,JULIE,2
1164,JULIET,2
1165,JUPITER,2
1166,KAI BEAR,2
1167,KAISIE,2
1168,KAIZER,2
1169,KALA,2
1170,KALEA,2
1171,KARLY,2
1172,KATANA,2
1173,KATI,2
1174,KAVA,2
1175,KAVIK,2
1176,KEEDA,2
1177,KELSEY,2
1178,KENJI,2
1179,KERMIT,2
1180,KHALEESI,2
1181,KIA,2
1182,KIBA,2
1183,KILLIAN,2
1184,KING KILO,2
1185,KINSLEY,2
1186,KIP,2
1187,KITTY,2
1188,KLEIO,2
1189,KLONDIKE,2
1190,KOBA,2
1191,KODAK,2
1192,KODI,2
1193,KODTA,2
1194,KODY,2
1195,KOGA,2
1196,KOOPER,2
1197,KORBIN,2
1198,KORRA,2
1199,KRATOS,2
1200,KUSH,2
1201,KY,2
1202,KYLIE,2
1203,LADY BELLA,2
1204,LAIKA,2
1205,LAKEN,2
1206,LALA,2
1207,LARA,2
1208,LASSIE,2
1209,LEELA,2
1210,LEGEND,2
1211,LEILA,2
1212,LEWIS,2
1213,LIAM,2
1214,LIBERTY,2
1215,LIEUTENANT,2
1216,LILITH,2
1217,LINUS,2
1218,LITTLE,2
1219,LIZZIE,2
1220,LOKIE,2
1221,LORETTA,2
1222,LOUI,2
1223,LOUISE,2
1224,LUCCA,2
1225,LUDO,2
1226,LUPINE,2
1227,LUTHER,2
1228,LYRIC,2
1229,MACI,2
1230,MACKENZIE,2
1231,MAE,2
1232,MAGGIE MAE,2
1233,MAGGIE MAY,2
1234,MAGPIE,2
1235,MAHINA,2
1236,MAKAI,2
1237,MALACHI,2
1238,MAMA,2
1239,MANDY,2
1240,MARIE,2
1241,MARLEE,2
1242,MARSHMELLOW,2
1243,MARTIN,2
1244,MARTINI,2
1245,MARY JANE,2
1246,MATEO,2
1247,MAVRICK,2
1248,MAXIE,2
1249,MAXWELL,2
1250,MEADOW,2
1251,MEI MEI,2
1252,MEKA,2
1253,MELANIE,2
1254,MEMPHIS,2
1255,MERCEDES,2
1256,MERCURY,2
1257,MERLE,2
1258,MICAH,2
1259,MICK,2
1260,MIKA,2
1261,MIKO,2
1262,MILAH,2
1263,MINER,2
1264,MIRA,2
1265,MISFIT,2
1266,MISHA,2
1267,MIYA,2
1268,MJ,2
1269,MOLLIE,2
1270,MONA,2
1271,MONKEY,2
1272,MOO,2
1273,MORTY,2
1274,MOSES,2
1275,MOUSE,2
1276,MOZZY,2
1277,MUFASA,2
1278,NADIA,2
1279,NANA,2
1280,NATCHIQ,2
1281,NATE,2
1282,NEKO,2
1283,NELCHINA,2
1284,NELLY,2
1285,NEWTON,2
1286,NICHOLAS,2
1287,NICK,2
1288,NICKI,2
1289,NICKY,2
1290,NIKA,2
1291,NIKI,2
1292,NIKISKI,2
1293,NIKITA,2
1294,NITRO,2
1295,NOAH,2
1296,NOELLE,2
1297,NOLLIE,2
1298,NOODLES,2
1299,NORA,2
1300,NORMAN,2
1301,NUGGET,2
1302,NUNA,2
1303,NYLA,2
1304,OBIE,2
1305,OD,2
1306,ODEN,2
1307,ODIEFUR,2
1308,OH-WEE,2
1309,OLIVIA,2
1310,OLY,2
1311,OONA,2
1312,OPHELIA,2
1313,OPPE,2
1314,ORVIS,2
1315,OSHIE,2
1316,OSITO,2
1317,OSO,2
1318,OWEN,2
1319,OZ,2
1320,PADDY,2
1321,PADFOOT,2
1322,PADME,2
1323,PALMER,2
1324,PANCAKE,2
1325,PANDORA,2
1326,PATRIOT,2
1327,PAXON,2
1328,PEACHES,2
1329,PEEWEE,2
1330,PELE,2
1331,PETE,2
1332,PETER,2
1333,PETER PARKER,2
1334,PETRA,2
1335,PETUNIA,2
1336,PEYTON,2
1337,PHEONIX,2
1338,PICARD,2
1339,PICKLE,2
1340,PICO,2
1341,PIPPEN,2
1342,PLUTO,2
1343,POE,2
1344,POLAR,2
1345,POLLY,2
1346,PONCHO,2
1347,POOCHIE,2
1348,POSEIDON,2
1349,PRESLEY,2
1350,PRETTY,2
1351,PRIM,2
1352,PRISCILLA,2
1353,PRISSY,2
1354,PRUDHOE,2
1355,PUA,2
1356,PUMA,2
1357,PUMPKIN,2
1358,PUNKIN,2
1359,PUPPERS,2
1360,RALPHIE,2
1361,RAMEY,2
1362,RAMONA,2
1363,RAMSEY,2
1364,RATCHET,2
1365,REAGAN,2
1366,REESEE,2
1367,RELOAD,2
1368,REMMY,2
1369,REY,2
1370,RHUBARB,2
1371,RICA,2
1372,RICKY,2
1373,RIDDICK,2
1374,RIKER,2
1375,RIKKU,2
1376,RINGO,2
1377,RIOT,2
1378,RJ,2
1379,ROBBIE,2
1380,ROBY,2
1381,ROLO,2
1382,RON,2
1383,RONIN,2
1384,ROSEBUD,2
1385,ROUX,2
1386,ROXANNE,2
1387,ROY,2
1388,RU,2
1389,RUBI,2
1390,RUCA,2
1391,RUGBY,2
1392,RUGGER,2
1393,RUKA,2
1394,RYLEE,2
1395,SABRE,2
1396,SABRINA,2
1397,SAILOR,2
1398,SALCHA,2
1399,SALEM,2
1400,SAMARA,2
1401,SAMMIE,2
1402,SANDIE,2
1403,SARAH,2
1404,SARAI,2
1405,SATIVA,2
1406,SAYA,2
1407,SCAMP,2
1408,SCHATZI,2
1409,SEAMORE,2
1410,SENNA,2
1411,SERGEANT,2
1412,SHAKA,2
1413,SHAKESPEARE,2
1414,SHAMUS,2
1415,SHEILA,2
1416,SHILO,2
1417,SHY,2
1418,SHYLA,2
1419,SILVER,2
1420,SIRACHA,2
1421,SISSY,2
1422,SITOO,2
1423,SIX,2
1424,SMOKE,2
1425,SNAUSAGE,2
1426,SNICKERDOODL,2
1427,SNOOP,2
1428,SNOWFLAKE,2
1429,SNOWY,2
1430,SOFIA,2
1431,SONNE,2
1432,SOOKIE,2
1433,SPANKY,2
1434,SPARTICUS,2
1435,SPRINKLES,2
1436,STARK,2
1437,STARSKY,2
1438,STERLING,2
1439,STETSON,2
1440,STORMI,2
1441,STRETCH,2
1442,SUE,2
1443,SUKA,2
1444,SUNDANCE,2
1445,TAIGA,2
1446,TALACHULITNA,2
1447,TANNY,2
1448,TANZA,2
1449,TATER TOT,2
1450,TAZALINA,2
1451,TAZLINA,2
1452,TAZZ,2
1453,TBONE,2
1454,TEINE,2
1455,TESLA,2
1456,TESSI,2
1457,THE DUDE,2
1458,THORIN,2
1459,TIA,2
1460,TIGGER,2
1461,TIKAANI,2
1462,TIKKA,2
1463,TIMMY,2
1464,TINA,2
1465,TOBIAS,2
1466,TOGO,2
1467,TOKI,2
1468,TOLKIEN,2
1469,TOMMY,2
1470,TONY,2
1471,TOODLES,2
1472,TOPO,2
1473,TOVA,2
1474,TOY,2
1475,TRACKER,2
1476,T-REX,2
1477,TRISTAN,2
1478,TROUBLE,2
1479,TROUT,2
1480,TRUDY,2
1481,TRUE,2
1482,TRUULI,2
1483,TUBBY,2
1484,TUCK,2
1485,TUG,2
1486,TULA,2
1487,TULIP,2
1488,TULLY,2
1489,UMA,2
1490,VADA,2
1491,VALERIE,2
1492,VALOR,2
1493,VENTRESS,2
1494,VENUS,2
1495,VERA,2
1496,VINNY,2
1497,WACO,2
1498,WEATHERBY,2
1499,WEBBY,2
1500,WEGO,2
1501,WHITE BOY,2
1502,WHITE SPOT,2
1503,WIDGET,2
1504,WILL,2
1505,WILLY,2
1506,WILMA,2
1507,WINSLOW,2
1508,WREN,2
1509,YAMI,2
1510,YUMI,2
1511,YURI,2
1512,ZACK,2
1513,ZEEK,2
1514,ZENA,2
1515,ZEPPELIN,2
1516,ZEVA,2
1517,ZIA,2
1518,ZION,2
1519,ZOLA,2
1520,ZORO,2
1521,MAR,1
1522,SUNDAY,1
1523,WEDNESDAY,1
1524,6PK WYATT LEE,1
1525,A.J.,1
1526,AASA,1
1527,AASHA,1
1528,ABBER,1
1529,ABBEY NORMAL,1
1530,ABBI,1
1531,ABBIE,1
1532,ABERLOUR,1
1533,ABRAMS,1
1534,ABTSIS,1
1535,ADAKIN,1
1536,ADDI,1
1537,ADDIE MAE,1
1538,ADELE,1
1539,ADGER,1
1540,ADIK,1
1541,ADIRA,1
1542,ADRIAN,1
1543,AENGUS,1
1544,AEON,1
1545,AERO,1
1546,AESIR,1
1547,AESOP,1
1548,AGNES,1
1549,AHSOKA,1
1550,AIDEN,1
1551,AIDEN CHEWIE,1
1552,AJAXX,1
1553,AKAME,1
1554,AKEELA,1
1555,AKI,1
1556,AKKO,1
1557,AKSEL,1
1558,AKUMA,1
1559,AL,1
1560,ALAKANUK,1
1561,ALAN,1
1562,ALBUS,1
1563,ALCHEMIST,1
1564,ALDER,1
1565,ALEISTER CROWLEY,1
1566,ALEUTIAN,1
1567,ALEXA,1
1568,ALEXANDER,1
1569,ALEYSKA,1
1570,ALF,1
1571,ALFREDO,1
1572,A-LIEN,1
1573,ALIKADE,1
1574,ALINAFREYA,1
1575,ALITA,1
1576,ALIX,1
1577,ALIZA,1
1578,ALLYE,1
1579,ALLYSON,1
1580,ALMOND ROCA,1
1581,ALPINE,1
1582,ALTA,1
1583,ALTAI,1
1584,ALVIN,1
1585,ALYE,1
1586,ALYKADE,1
1587,AMADIA,1
1588,AMAK,1
1589,AMARI,1
1590,AMAZON,1
1591,AMELIA GREEN,1
1592,AMIAH,1
1593,AMIE,1
1594,AMINA,1
1595,AMOOK,1
1596,AMOR,1
1597,AMOS,1
1598,AMY,1
1599,ANA,1
1600,ANAKIN,1
1601,ANASTASIA,1
1602,ANCHOR,1
1603,ANDROMEDA,1
1604,ANDY KODA,1
1605,ANGEL BABY,1
1606,ANGUA,1
1607,ANIAK,1
1608,ANIE,1
1609,ANIIPAK,1
1610,ANITA,1
1611,ANKE,1
1612,ANNUI,1
1613,ANOVA,1
1614,ANOWIK,1
1615,ANSCHUTZ,1
1616,ANTHONY CRIT,1
1617,ANTON,1
1618,ANTONIO,1
1619,ANZE,1
1620,APPOLLO,1
1621,AQWLA,1
1622,ARA,1
1623,ARCEE,1
1624,ARCHIBALD,1
1625,ARCHIE E.,1
1626,ARCHIE HENRY,1
1627,ARCO,1
1628,ARCTIC,1
1629,ARDBEG,1
1630,ARF,1
1631,ARGO,1
1632,ARGUS,1
1633,ARI,1
1634,ARIS,1
1635,ARKENSTONE,1
1636,ARLINGTON,1
1637,ARLO LOERA,1
1638,ARMOND,1
1639,ARNIE,1
1640,ARROW,1
1641,ARTIMAS,1
1642,ARUN,1
1643,ARVID,1
1644,ARWEN,1
1645,ARWIN,1
1646,ARYA BARK,1
1647,ASA,1
1648,ASERA,1
1649,ASHA,1
1650,ASHE,1
1651,ASIA,1
1652,ASIAY,1
1653,ASPYN,1
1654,ASTA,1
1655,ASTAIRE,1
1656,ASTEROID,1
1657,ASTON,1
1658,ASTRID,1
1659,ASTRID VON,1
1660,ASUNA,1
1661,ASURA,1
1662,ATHENA ROBAR,1
1663,ATOS,1
1664,ATRAYU,1
1665,AUBIE,1
1666,AUBREY,1
1667,AUBY,1
1668,AUDI,1
1669,AUDI MURPHEY,1
1670,AUDIE,1
1671,AUNE,1
1672,AURORA BOREALIS,1
1673,AUSTIN,1
1674,AUTUMN MARIE,1
1675,AUXEN,1
1676,AUZZIE,1
1677,AVALAR,1
1678,AVERY,1
1679,AVIANO,1
1680,AVU,1
1681,AXE,1
1682,AXL,1
1683,AXLE ROSE,1
1684,AXSEL,1
1685,AYIANA,1
1686,AYLA,1
1687,AYMERIC,1
1688,AZA,1
1689,AZARIA,1
1690,AZURA,1
1691,BABALU,1
1692,BABE,1
1693,BABEE,1
1694,BABU,1
1695,BABY DOG,1
1696,BACCO,1
1697,BADER,1
1698,BAGHEERA,1
1699,BAHITI,1
1700,BAILA,1
1701,BAILEY RAE,1
1702,BAILY,1
1703,BAIZLEY,1
1704,BALLI,1
1705,BALU,1
1706,BAMBI,1
1707,BANDAL,1
1708,BANE,1
1709,BANKS,1
1710,BANNER,1
1711,BANX,1
1712,BARA,1
1713,BARB,1
1714,BARCLAY,1
1715,BARLI,1
1716,BARREL,1
1717,BARROW,1
1718,BARRY,1
1719,BARTLETT,1
1720,BASHER,1
1721,BASKER,1
1722,BATHSHEBA,1
1723,BATMAN,1
1724,BATMANN,1
1725,BAXTER BOO,1
1726,BAYAN,1
1727,BAYLA,1
1728,BAYLEE,1
1729,BAYLEE MAE,1
1730,BAYLENE,1
1731,BAYLOR,1
1732,BAYMAX,1
1733,BEASTIE,1
1734,BEAU MAVERICK,1
1735,BEAULO,1
1736,BEAUTEE,1
1737,BEAUTI,1
1738,BEAUX,1
1739,BEAVER,1
1740,BEBA,1
1741,BECA,1
1742,BEE,1
1743,BEEBEE,1
1744,BEEBOP,1
1745,BEEFCAKE,1
1746,BEEFSTEAK,1
1747,BEEFY,1
1748,BEEMER,1
1749,BEETHOVEN,1
1750,BELKA,1
1751,BELL A DONNA,1
1752,BELLA BOO,1
1753,BELLA MARIE,1
1754,BELLA MCKAY,1
1755,BELLA RAY,1
1756,BELLA STAR,1
1757,BELLADONNA,1
1758,BELLAMY,1
1759,BELLY,1
1760,BELUGA,1
1761,BEN MICHAEL,1
1762,BENDER,1
1763,BENGAL,1
1764,BENJI BURON,1
1765,BENNGIE,1
1766,BENNIE,1
1767,BENZZOE,1
1768,BEORN,1
1769,"BEOWULF ""BOOMER""",1
1770,BEPSI,1
1771,BERA,1
1772,BEREN,1
1773,BERGER,1
1774,BERKELEY,1
1775,BERN DISBROW,1
1776,BERNARDO,1
1777,BERNOULLI,1
1778,BERTIE,1
1779,BERTUZZI,1
1780,BERUBE,1
1781,BESO,1
1782,BESSA,1
1783,BETTY BOOP,1
1784,BETTY RIZZO,1
1785,BEYLA,1
1786,BG,1
1787,BIBI,1
1788,BIDEN,1
1789,BIESEN,1
1790,BIG BOI,1
1791,BIG BOY,1
1792,BIG JAKE,1
1793,BIGGIE SMALLS,1
1794,BIGGSISTER,1
1795,BIGGY,1
1796,BIGS,1
1797,BIJOU,1
1798,BIKO,1
1799,BILL,1
1800,BILLIE,1
1801,BILLIE HOLIDAY,1
1802,BILLY BOO,1
1803,BINDI,1
1804,BING CROSBY BOSS,1
1805,BINKY,1
1806,BIRCH,1
1807,BIRD,1
1808,BIRKE,1
1809,BIRKLEY,1
1810,BISKET,1
1811,BISOUS,1
1812,BITSY,1
1813,BITZER,1
1814,BJÃ–RN,1
1815,BLACK BEAR,1
1816,BLACKBURN,1
1817,BLACKIE,1
1818,BLACKJACK,1
1819,BLAKE,1
1820,BLANCA,1
1821,BLISS,1
1822,BLITZ KRIEG,1
1823,BLITZKREIG,1
1824,BLIX,1
1825,BLIZZ,1
1826,BLUE BEAR,1
1827,BLUE COLLINS,1
1828,BLUE MAUI,1
1829,BLUEGRASS,1
1830,BLUU,1
1831,BNGID,1
1832,BOAZ,1
1833,BOBA,1
1834,BOBBER,1
1835,BOBBKAT,1
1836,BOBO,1
1837,BOCAL,1
1838,BODACIOUS,1
1839,BODAK,1
1840,BODEY,1
1841,BODOLF,1
1842,BOGEY,1
1843,BOJANGLES,1
1844,BON,1
1845,BONDZ,1
1846,BONNY,1
1847,BONZAI,1
1848,BOO BEAR,1
1849,BOO BOO,1
1850,BOOBEAR,1
1851,BOOBOO,1
1852,BOOMER PIE,1
1853,BOOT,1
1854,BOO-YAH,1
1855,BOOZER,1
1856,BORA,1
1857,BOS,1
1858,BOSA,1
1859,BOSCOE,1
1860,BOSS PEREZ,1
1861,BOUNCE,1
1862,BOUNCER,1
1863,BOUNDER,1
1864,BOURBON,1
1865,BOUY,1
1866,BOW,1
1867,BOWEN,1
1868,BOWER,1
1869,BOWMORE,1
1870,BOZEMAN,1
1871,BRADLEY,1
1872,BRAIN,1
1873,BRAN,1
1874,BRANDEE,1
1875,BRANDILYNN,1
1876,BRANDON,1
1877,BRANSON,1
1878,BRANZE,1
1879,BRASI,1
1880,BRAUM,1
1881,BRAVE,1
1882,BRAVO,1
1883,BRAWNSON,1
1884,BRECK,1
1885,BREEZY,1
1886,BREWSKI,1
1887,BREWSTER,1
1888,BREYLA,1
1889,BRIA,1
1890,BRIAR PIPER,1
1891,BRIDA,1
1892,BRIDGET,1
1893,BRIEUX,1
1894,BRIIZY,1
1895,BRINDI,1
1896,BRINDLE,1
1897,BRIQUEANNA,1
1898,BRISKET,1
1899,BRITCHES,1
1900,BRITTLE,1
1901,BRIXSON,1
1902,BRIZBANE,1
1903,BRJORN,1
1904,BRO,1
1905,BRODDI,1
1906,BROLY,1
1907,BRONIUS,1
1908,BROOKE,1
1909,BROOKLYN,1
1910,BROSEF,1
1911,BROWNEE,1
1912,BRUDIS,1
1913,BRYCE,1
1914,BRYXX,1
1915,BUBBAH,1
1916,BUBBLEZ,1
1917,BUBELE,1
1918,BUBU,1
1919,BUC,1
1920,BUCKEY,1
1921,BUCKWHEAT,1
1922,BUDD,1
1923,BUDDAH,1
1924,BUDDY RUFF,1
1925,BUGATTI,1
1926,BUGSBY,1
1927,BUGZY,1
1928,BULLITT,1
1929,BULLSEYE,1
1930,BULLY,1
1931,BULMA,1
1932,BUMBOY,1
1933,BUMPYJOHNSON,1
1934,BUNJEE,1
1935,BUNZ,1
1936,BURNER,1
1937,BURRITO,1
1938,BUR-SHE,1
1939,BURTON,1
1940,BUSHIDO,1
1941,BUSTA,1
1942,BUSY,1
1943,BUTCH,1
1944,BUTCH LARSON,1
1945,BUTCHER,1
1946,BUTTER,1
1947,BUTTERBALL,1
1948,BUTTERSCOTCH,1
1949,BUXTON,1
1950,CAB,1
1951,CABO,1
1952,CABOOSE,1
1953,CACY JONES,1
1954,CADBURRY,1
1955,CADEN,1
1956,CAHYA,1
1957,CAICOS,1
1958,CAILOU,1
1959,CAIRO HERCULE,1
1960,CAITE BEL,1
1961,CALAIS,1
1962,CALAMITY,1
1963,CALAMITY JANE,1
1964,CALEB,1
1965,CALIBRRR,1
1966,CALIGATA,1
1967,CALLAHAN,1
1968,CALLI,1
1969,CALLIOPE,1
1970,CALLIOPE JAN,1
1971,CAM,1
1972,CAMBO,1
1973,CAMERON,1
1974,CAMILLA,1
1975,CAMINO,1
1976,CAMMI,1
1977,CAMPBELL,1
1978,CAMPER,1
1979,CAMY,1
1980,CANELLA,1
1981,CANOE,1
1982,CAP,1
1983,CAPTAIN REX,1
1984,CARAMEL,1
1985,CARDI,1
1986,CARINA,1
1987,CARLEY,1
1988,CARLIE,1
1989,CARLY,1
1990,CARMAN,1
1991,CARMELA,1
1992,CARMELLO,1
1993,CARMINE,1
1994,CAROLINA,1
1995,CARRIE,1
1996,CASCADE,1
1997,CASSEY,1
1998,CASSY,1
1999,CASTIEL,1
2000,CASTLE,1
2001,CASTOR,1
2002,CASWELL,1
2003,CAT,1
2004,CATHERINE,1
2005,CATORI,1
2006,CC,1
2007,CECIL,1
2008,CECILIA,1
2009,CEECEE,1
2010,CEILIDH,1
2011,CENTAURI,1
2012,CERBERUS,1
2013,CESAR,1
2014,CET,1
2015,CHACEE,1
2016,CHACHO,1
2017,CHAD,1
2018,CHAMA,1
2019,CHAMOIS,1
2020,CHANNEL,1
2021,CHANTEL,1
2022,CHAPO,1
2023,CHARCOAL,1
2024,CHARLAMAGNE,1
2025,CHARLES HAPPINGTON III,1
2026,CHARLES XAVIER,1
2027,CHARLI B,1
2028,CHARLIE #2,1
2029,CHARLOTT,1
2030,CHARLY,1
2031,CHASSE,1
2032,CHAVELA,1
2033,CHAYA,1
2034,CHECHE,1
2035,CHECKO,1
2036,CHEEBA,1
2037,CHEECHA,1
2038,CHEEKY,1
2039,CHEENA,1
2040,CHEETO,1
2041,CHEEZIT,1
2042,CHELLY,1
2043,CHELMSFORD,1
2044,CHEMO,1
2045,CHEQUITA,1
2046,CHER,1
2047,CHESTY,1
2048,CHEW ROW,1
2049,CHEWAWA,1
2050,CHEWBACA,1
2051,CHEWBELLA,1
2052,CHEWEY,1
2053,CHEWI,1
2054,CHEWIE LORD CHEWBACCA WOOKIE,1
2055,CHEYENNE,1
2056,CHEYENNE 2,1
2057,CHI,1
2058,CHICAGO,1
2059,CHICK,1
2060,CHICKADEE,1
2061,CHICKEN,1
2062,CHICOLA,1
2063,CHICORY,1
2064,CHIDI,1
2065,CHIGNIK,1
2066,CHILE,1
2067,CHILKAT,1
2068,CHILL,1
2069,CHILLI,1
2070,CHIMERA,1
2071,CHING,1
2072,CHINGIZ,1
2073,CHIO,1
2074,CHIPPER,1
2075,CHIQUI,1
2076,CHISPA,1
2077,CHITNA,1
2078,CHITU,1
2079,CHLOE SUE,1
2080,CHOCO BEAR,1
2081,CHOCOLATE,1
2082,CHOMPER,1
2083,CHONK,1
2084,CHRISTMAS,1
2085,CHRLOTTE,1
2086,CHRONOS,1
2087,CHUB CHUBS,1
2088,CHUBBERS,1
2089,CHUBBY WU,1
2090,CHUCK,1
2091,CHUCK NORRIS,1
2092,CHUCKY,1
2093,CHUE,1
2094,CHUG,1
2095,CHUGACH,1
2096,CHUKCHI,1
2097,CHUKKY,1
2098,CHULA,1
2099,CHUMS,1
2100,CHURCHILL,1
2101,CHUVAK,1
2102,CHUY,1
2103,CIARA,1
2104,CICI,1
2105,CIDER,1
2106,CIGAN,1
2107,CINDERELLA,1
2108,CINDERS,1
2109,CIRCE,1
2110,CIRI,1
2111,CISA,1
2112,CISCO,1
2113,CLAIRE,1
2114,CLAPTON,1
2115,CLEMENCY,1
2116,CLETUS,1
2117,CLIATON,1
2118,CLIFF,1
2119,CLIO,1
2120,CLOEY,1
2121,CLORY,1
2122,COACH,1
2123,COALIE,1
2124,COBALT,1
2125,COCO CHANEL,1
2126,COCOA C,1
2127,COCOA PUFF,1
2128,COFFEE,1
2129,COLA,1
2130,COLBIE,1
2131,COLBY LYNNE,1
2132,COLE,1
2133,COLE PORTER,1
2134,COLEY BEAR,1
2135,COLLIE,1
2136,COLLIN,1
2137,COOKIE DOUGH,1
2138,COOKIE LEE,1
2139,COOL HAND BLUE,1
2140,COORS,1
2141,COOSA,1
2142,COPA,1
2143,COPILOT,1
2144,COQUI,1
2145,CORBIN HART,1
2146,CORBY,1
2147,CORD,1
2148,CORDELIA,1
2149,CORDUROY,1
2150,CORKY,1
2151,CORONA,1
2152,CORONA MARIE,1
2153,CORPORAL,1
2154,CORTANA,1
2155,COSMA,1
2156,COSMOS,1
2157,COTTON,1
2158,COUVERDEN,1
2159,COVE,1
2160,COVEY,1
2161,COYOTE,1
2162,COZMO,1
2163,COZY,1
2164,CRICKETT,1
2165,CRISSY,1
2166,CROSBY,1
2167,CROUTON,1
2168,CROW,1
2169,CROWLEY,1
2170,CROWLY,1
2171,CRUISE,1
2172,CRUIZER,1
2173,CRUZ,1
2174,CRUZER,1
2175,CRUZIER,1
2176,CUBBIE,1
2177,CUBBIE BLUM,1
2178,CUBBY,1
2179,CUDDY,1
2180,CUERVO,1
2181,CUMMINS,1
2182,CUPID,1
2183,CURRIE,1
2184,CURRY,1
2185,CUTIE PIE,1
2186,DABS,1
2187,DAFFODIL,1
2188,DAGMAR,1
2189,DAGWOOD,1
2190,DAISEY,1
2191,DAISEY MAE,1
2192,DAISUKE,1
2193,DAISY BEAN,1
2194,DAISY PEARL,1
2195,DAIZY D,1
2196,DAJAK,1
2197,DAK,1
2198,DALAI,1
2199,DALEK,1
2200,DALIAH,1
2201,DALLIA,1
2202,DALLIE,1
2203,DAN,1
2204,DANGER,1
2205,DANGLE,1
2206,DANI,1
2207,DANNIE,1
2208,DAR DAR,1
2209,DARCIE,1
2210,DARLA,1
2211,DARMANI,1
2212,DARWIN,1
2213,DASEY MAY,1
2214,DASHA,1
2215,DASKO,1
2216,DATSY,1
2217,DAVE,1
2218,DAYTON,1
2219,DAZEE,1
2220,DAZIE,1
2221,DEAGLAN,1
2222,DEBO,1
2223,DECCA,1
2224,DECKER,1
2225,DECLAN,1
2226,DEEDEE,1
2227,DEEFA,1
2228,DEETO,1
2229,DEHAVILLAND,1
2230,DEIGO,1
2231,DEJA VU,1
2232,DEKE,1
2233,DEKU,1
2234,DELKO,1
2235,DELTA JO,1
2236,DEMON,1
2237,DENEKI,1
2238,DENNY,1
2239,DEOGE,1
2240,DEOSA,1
2241,DEPUTY,1
2242,DERBY,1
2243,DESIEL,1
2244,DESNA,1
2245,DESSA,1
2246,DEVO,1
2247,DEW,1
2248,DEWBEE,1
2249,DEXY,1
2250,DEZ,1
2251,DIANE,1
2252,DICE,1
2253,DIEGO JR,1
2254,DILIELAH,1
2255,DILIYLA,1
2256,DILLIE,1
2257,DILLNGER,1
2258,DING,1
2259,DINGO,1
2260,DINKUM,1
2261,DIONES,1
2262,DIPSY,1
2263,DIRK,1
2264,DIXIE CUP,1
2265,DIZE,1
2266,DIZZY,1
2267,DOBBIE,1
2268,DOBY,1
2269,DOG,1
2270,DOGGER,1
2271,DOGGIE,1
2272,DOJHA,1
2273,DOLCE,1
2274,DOLCHE,1
2275,DOLLAR,1
2276,DOLLARS,1
2277,DOM,1
2278,DOMINA,1
2279,DOMINGO,1
2280,DOMINIC,1
2281,DONISIO,1
2282,DONOVAN,1
2283,DOOBS,1
2284,DOODLE,1
2285,DOOFY,1
2286,DOOLEY,1
2287,DOOLIE,1
2288,DOOLIN,1
2289,DOOM,1
2290,DOOMSDAY,1
2291,DOPEY,1
2292,DOT,1
2293,DOTTY,1
2294,DOUGAL,1
2295,DOW,1
2296,DOZZER,1
2297,DR BONES,1
2298,DRAC,1
2299,DRAGON,1
2300,DRAX,1
2301,DRESDEN,1
2302,DRIFT,1
2303,DRIFTER,1
2304,DRUZY,1
2305,DUALLY BLU,1
2306,DUCT TAPE,1
2307,DUECE,1
2308,DUFF,1
2309,DUFFEE,1
2310,DUFFY,1
2311,DUGAS,1
2312,DUKE SKYWALKER,1
2313,DUKIE,1
2314,DUKKATI,1
2315,DUMBO,1
2316,DUNCAN JR,1
2317,DUSTEE,1
2318,DUTCHY,1
2319,DUZZY,1
2320,DWIGHT,1
2321,DYANI,1
2322,DYLLON,1
2323,DYNA,1
2324,DYNASTIE,1
2325,EARNIE,1
2326,EASTON,1
2327,EASY,1
2328,EBBA,1
2329,EBERT,1
2330,EBIL,1
2331,EBONY,1
2332,ECKO,1
2333,ECLIPSE,1
2334,EDEN,1
2335,EDGAR,1
2336,EDISON,1
2337,EDO,1
2338,EGGS AND TOAST (ET),1
2339,EIN,1
2340,EISLEY,1
2341,EKKO,1
2342,EKO,1
2343,EL CHAPO,1
2344,EL GUAPO,1
2345,ELANA,1
2346,ELBE,1
2347,ELBI,1
2348,ELDO,1
2349,ELE,1
2350,ELGIN,1
2351,ELIJAH,1
2352,ELIOT,1
2353,ELIZABETH,1
2354,ELLA BELLA,1
2355,ELLIE SJOFN,1
2356,ELLIOT,1
2357,ELLY,1
2358,ELMO,1
2359,ELOISE,1
2360,ELWAY,1
2361,ELWOOD BLUES,1
2362,EMELIO,1
2363,EMERY,1
2364,EMILIA,1
2365,EMILIO,1
2366,EMMA EMILY,1
2367,EMMIT,1
2368,EMMITT,1
2369,EMMY,1
2370,ENUBIS,1
2371,ENUJ,1
2372,ENVY,1
2373,ENZY,1
2374,EPIE,1
2375,ERIS,1
2376,ERITEA,1
2377,ERMO,1
2378,ERROL,1
2379,ESCOBAR,1
2380,ESME,1
2381,ESTELLA,1
2382,ESTHER,1
2383,ETHEL,1
2384,EUREKA,1
2385,EVA,1
2386,EVE,1
2387,EVEREST,1
2388,EXOUSIA,1
2389,EYJAFJALLA,1
2390,FAITH ROSE,1
2391,FALCO,1
2392,FALCON,1
2393,FALCOR,1
2394,FALLOTE,1
2395,FANG,1
2396,FANGSIE,1
2397,FANNY,1
2398,FARAH,1
2399,FARVA,1
2400,FATBOY,1
2401,FAUSTINO,1
2402,FEENA,1
2403,FELIPE,1
2404,FELLA,1
2405,FEN,1
2406,FENDER,1
2407,FENNEC,1
2408,FENSON,1
2409,FENWAY,1
2410,FERDINAND,1
2411,FERNANDO,1
2412,FETCH,1
2413,FEZZIK,1
2414,FIDGET,1
2415,FIFI,1
2416,FIGGY,1
2417,FIJORD,1
2418,FILE,1
2419,FINCH,1
2420,FINCHY,1
2421,FINLAY,1
2422,FINN BOY,1
2423,FINNICK,1
2424,FINNIGAN,1
2425,FIRN,1
2426,FISHBONES,1
2427,FISHER,1
2428,FIXIE,1
2429,FIYERO,1
2430,FJORD,1
2431,FLAPJACKS,1
2432,FLEIDA,1
2433,FLEKK,1
2434,FLEURY,1
2435,FLEX,1
2436,FLIP,1
2437,FLORA,1
2438,FLOSSIE,1
2439,FLUFFY BLAZE,1
2440,FOOKI,1
2441,FORD,1
2442,FOREST,1
2443,FORSETI,1
2444,FOSBURY LOVR,1
2445,FOSSIL,1
2446,FOZZY,1
2447,FRAGO,1
2448,FRAIRA,1
2449,FRANCIS,1
2450,FRANCO,1
2451,FRANKEE,1
2452,FRANKENSTEIN,1
2453,FRANKY,1
2454,FREDY,1
2455,FREEWAY,1
2456,FREIA,1
2457,FREIDA,1
2458,FREIJA,1
2459,FREYA DALTON,1
2460,FREZNO,1
2461,FRIDAYDAISY,1
2462,FRIDLEY,1
2463,FRIEDA,1
2464,FRISCO,1
2465,FRITO,1
2466,FRITZY,1
2467,FROSTIE,1
2468,FROSTY,1
2469,FROYD,1
2470,FU BOY,1
2471,FUDGE,1
2472,FUZZY,1
2473,FYNLI,1
2474,FYNNLEY,1
2475,G,1
2476,G.G.,1
2477,GADGET,1
2478,GADSDEN,1
2479,GAIUS,1
2480,GALAXY,1
2481,GALLIFRY,1
2482,GANDA,1
2483,GANDALF,1
2484,GANON,1
2485,GARA,1
2486,GARRUS,1
2487,GARY,1
2488,GASKET,1
2489,GATI,1
2490,GATSBY ALEXANDER,1
2491,GEDDY,1
2492,GEGI,1
2493,GELIEBTE,1
2494,GEMA,1
2495,GEMINI,1
2496,GEMMY,1
2497,GENEVA,1
2498,GEODESY,1
2499,GEOFF,1
2500,GEORDIE,1
2501,GEORGE WALTER,1
2502,GEORGETTE,1
2503,GERI,1
2504,GERTY,1
2505,GEWITTER,1
2506,GHILLIE,1
2507,GHOST EYE,1
2508,GIACOMO,1
2509,GIANNA,1
2510,GIDEON,1
2511,GIDGET ROSE,1
2512,GIGANTE'S KARMA,1
2513,GIGANTE'S TASMANIAN DEVIL,1
2514,GIGGLES,1
2515,GILBERT,1
2516,GILLY,1
2517,GINA,1
2518,GINGER MIA,1
2519,GINGER SNAP,1
2520,GINZEE,1
2521,GIOVANNA,1
2522,GIRL,1
2523,GIRLIE,1
2524,GIRLY,1
2525,GISELLE,1
2526,GISMO,1
2527,GIZZIE,1
2528,GLADOS,1
2529,GLADYZ,1
2530,GLAMOUR,1
2531,GLIZZY,1
2532,GODDY,1
2533,GOGI,1
2534,GOGO,1
2535,GOLDIE FLOPS,1
2536,GOLDILOCKS,1
2537,GOLIATH,1
2538,GOMEZ,1
2539,GOOBER,1
2540,GOOEY,1
2541,GOOGLE,1
2542,GOOMBA,1
2543,GOONEY BEAR,1
2544,GORDIE HOWEL,1
2545,GORDON,1
2546,GORDY,1
2547,GORGEOUS,1
2548,GOROU,1
2549,GOSHI,1
2550,GOTI,1
2551,GRACIE ANN,1
2552,GRAELY,1
2553,GRAHAM,1
2554,GRAICELYN,1
2555,GRANDPA,1
2556,GRAYSON,1
2557,GRAZA,1
2558,GREASER,1
2559,GRETA MAE,1
2560,GRETTA,1
2561,GRETZKY,1
2562,GREY,1
2563,GREYSON,1
2564,GRIFF,1
2565,GRIFFEY,1
2566,GRIFFY,1
2567,GRINGO,1
2568,GRIZLEE,1
2569,GRIZZER,1
2570,GRIZZLIANA,1
2571,GRIZZY,1
2572,GROME 2,1
2573,GROMMET,1
2574,GROOT GALILEO,1
2575,GROUCHO,1
2576,GRUMPY,1
2577,GRYFFINDOR,1
2578,GUMBO,1
2579,GUMPY,1
2580,GUPPY,1
2581,GUS GUS,1
2582,GUS MEEKER,1
2583,GUSTAF CORNELIUS,1
2584,GUSTAV,1
2585,GUY,1
2586,GYSPSY,1
2587,HABIBI,1
2588,HADEZ,1
2589,HAGEN,1
2590,HAGRID,1
2591,HAILY,1
2592,HAKU,1
2593,HAKUNA,1
2594,HALLE,1
2595,HAMILTON,1
2596,HAMISH,1
2597,HAMM,1
2598,HAMMIE,1
2599,HAMMOND,1
2600,HAMMY,1
2601,HANDSOME,1
2602,HANDSOME BOB,1
2603,HANG BOKYI,1
2604,HANNIBAL,1
2605,HANZO,1
2606,HAPPY QUIRK,1
2607,HARICK,1
2608,HARLEE,1
2609,HARLEY D,1
2610,HARLIE,1
2611,HARLO,1
2612,HARMONY,1
2613,HARP,1
2614,HARRISON,1
2615,HARU,1
2616,HASHTAG,1
2617,HATI,1
2618,HATTI,1
2619,HAVEN,1
2620,HAVYN,1
2621,HAYLE BERRY,1
2622,HAZE,1
2623,HAZEL ANN,1
2624,HAZEL DOVE,1
2625,HAZEL HAAS,1
2626,HAZY AZ,1
2627,HEFNER,1
2628,HEIDIE,1
2629,HEIMDALL,1
2630,HEIRESS,1
2631,HELEN,1
2632,HELIOS,1
2633,HELMUTH,1
2634,HELO,1
2635,HEMI,1
2636,HENNI,1
2637,HENNY,1
2638,HERBERT,1
2639,HERBIE,1
2640,HERBO,1
2641,HERKIMER,1
2642,HERMAN,1
2643,HERMES GROOT,1
2644,HERO,1
2645,HESS,1
2646,HIGBEE,1
2647,HIGGINS,1
2648,HIGGS,1
2649,HII,1
2650,HILDEE,1
2651,HIMMEL,1
2652,HINA,1
2653,HOAGEY,1
2654,HOBBES,1
2655,HOBBS,1
2656,HOJI,1
2657,HOKU,1
2658,HOLLEY,1
2659,HOLLYWOOD,1
2660,HONEY B.,1
2661,HONEY BEE,1
2662,HONEY GIRL,1
2663,HONEYSUCKLE,1
2664,HONOR,1
2665,HOOCH,1
2666,HOODIE,1
2667,HOODINI,1
2668,HOOEY,1
2669,HOOPER,1
2670,HOOTIE,1
2671,HOOVER,1
2672,HORACE,1
2673,HORIZON,1
2674,HOSHI YO,1
2675,HOSS,1
2676,HOTROD,1
2677,HOUDINI,1
2678,HOUSTON,1
2679,HOWARD,1
2680,HOWDY,1
2681,HUBERT,1
2682,HUEHUE,1
2683,HUEY,1
2684,HUGO IV,1
2685,HUGS,1
2686,HUMPHREY,1
2687,HUSKER,1
2688,HUSTLE,1
2689,HUSTLER,1
2690,HUXLEY,1
2691,HUZLEY,1
2692,I LOVE YOU,1
2693,IAN,1
2694,ICARUS,1
2695,ICE,1
2696,ICEY,1
2697,ICHIRO,1
2698,ICIS,1
2699,ICON,1
2700,ICY,1
2701,IDA,1
2702,IDA BELLE,1
2703,IGGY,1
2704,IGOR,1
2705,ILI,1
2706,ILIAMNA,1
2707,ILLA,1
2708,INARA,1
2709,INDEE,1
2710,INDI,1
2711,INDIANA BONES,1
2712,INDICA,1
2713,INGRID,1
2714,INIGO,1
2715,INKAX,1
2716,INNOKO,1
2717,IO,1
2718,IRIE,1
2719,IRMA,1
2720,ISA,1
2721,ISADORA,1
2722,ISAIAH LUKE,1
2723,ISIS ROBAR,1
2724,ISLA,1
2725,ISLAY CLOVER,1
2726,ISOBELLA,1
2727,ISU,1
2728,ITCHY BROTHE,1
2729,IVORY,1
2730,IVY LULU,1
2731,IVY ROSE,1
2732,IYA,1
2733,IZEE,1
2734,IZZIE,1
2735,IZZIEBELLA,1
2736,JABARI,1
2737,JABBER,1
2738,JAC,1
2739,JACE,1
2740,JACK BANKS,1
2741,JACK BURTON,1
2742,JACK DANIEL,1
2743,JACK JR,1
2744,JACK R,1
2745,JACK WATSON,1
2746,JACKS,1
2747,JACKSON 2.0,1
2748,JACKSON JR,1
2749,JACO O'LANTERN,1
2750,JACOB,1
2751,JACQUE,1
2752,JACQUE MACT,1
2753,JACQUES,1
2754,JACY,1
2755,JAE,1
2756,JAG,1
2757,JAGO,1
2758,JAINA,1
2759,JAJA,1
2760,JAKOB,1
2761,JALA,1
2762,JAMESON,1
2763,JAMIE,1
2764,JAMIE BLU,1
2765,JAMO,1
2766,JANGO,1
2767,JARVI,1
2768,JASMIN,1
2769,JASON,1
2770,JAVI,1
2771,JAXXSON,1
2772,JAY JAY,1
2773,JAYJAY,1
2774,JAYZEE,1
2775,JAZMINE,1
2776,JAZZALYNN,1
2777,JAZZIE,1
2778,JAZZMIN,1
2779,JD,1
2780,JEANA,1
2781,JEATER,1
2782,JEBEDIAH,1
2783,JEEP,1
2784,JEFFREY,1
2785,JELLIE BEAN,1
2786,JELLYBEAN,1
2787,JEMMA,1
2788,JEN,1
2789,JEN JEN,1
2790,JENGA,1
2791,JENI,1
2792,JENNIE KIM,1
2793,JEREMIAH,1
2794,JERICHO,1
2795,JERRY,1
2796,JESSI,1
2797,JESTER,1
2798,JET,1
2799,JETER,1
2800,JETHROLL,1
2801,JETTA,1
2802,JEZABEL,1
2803,JEZEBEL,1
2804,JIJI,1
2805,JILLY BEAN,1
2806,JIMBO,1
2807,JINGLE BELLA,1
2808,JINGLES,1
2809,JIP,1
2810,JIRO,1
2811,JOCKO,1
2812,JODIEE,1
2813,JOHANNES,1
2814,JOHN RODGERS,1
2815,JOHNATHAN,1
2816,JOHNNY,1
2817,JOHNSON,1
2818,JOKI,1
2819,JOLENE,1
2820,JOLIE,1
2821,JOLLY,1
2822,JOLT,1
2823,JONAS,1
2824,JOON,1
2825,JOPLIN,1
2826,JORDAN,1
2827,JORGE,1
2828,JOSEPHINE,1
2829,JOSI,1
2830,JOUBERT,1
2831,JOURNEY,1
2832,JOVIE,1
2833,JOYFUL,1
2834,JR,1
2835,JRU,1
2836,JUBILEE,1
2837,JUDAH,1
2838,JUNAH,1
2839,JUNE BUG,1
2840,JUNEBUG,1
2841,JUNGMI,1
2842,JUNI,1
2843,JUNIE,1
2844,JUNIPER JEAN,1
2845,JUSTICE,1
2846,KABI,1
2847,KACHINA,1
2848,KADY,1
2849,KAFKA,1
2850,KAHLESSI,1
2851,KAHLI,1
2852,KAHN,1
2853,KAHU,1
2854,KAIDA,1
2855,KAIJU,1
2856,KAILE'A,1
2857,KAIMANA,1
2858,KAISHA,1
2859,KAJI,1
2860,KAJUN VOM GATOR LAND,1
2861,KALADI,1
2862,KA-LAWZZZ,1
2863,KAL-EL,1
2864,KALISSE,1
2865,KALISTA,1
2866,KALLIE ANN,1
2867,KALLUCK,1
2868,KALSANG,1
2869,KAMIKAZE,1
2870,KAMU,1
2871,KANA,1
2872,KANALAAQ,1
2873,KANO,1
2874,KANUTI,1
2875,KANUTY,1
2876,KANYE,1
2877,KAOS,1
2878,KARA ROMANOFF,1
2879,KAREN,1
2880,KARI,1
2881,KASHA,1
2882,KASILOF,1
2883,KASKE,1
2884,KASSEL,1
2885,KASTI,1
2886,KATAHDIN,1
2887,KATARA,1
2888,KATELYNN,1
2889,KATSU,1
2890,KATTIE,1
2891,KATY BANKS,1
2892,KATZY,1
2893,KAVAS,1
2894,KAVI,1
2895,KAVIC,1
2896,KAYAH,1
2897,KAYCEE,1
2898,KAYDEN,1
2899,KAYLE,1
2900,KAYMA,1
2901,KAZA,1
2902,KAZHNA,1
2903,KD,1
2904,KE$HA,1
2905,KEANI,1
2906,KEANU,1
2907,KEELAN,1
2908,KEELONI,1
2909,KEENA,1
2910,KEENAN,1
2911,KEEPER,1
2912,KEETA,1
2913,KEETNA,1
2914,KEEVA,1
2915,KEIRA,1
2916,KEISHA,1
2917,KEKE,1
2918,KEKO,1
2919,KELBI,1
2920,KELLER,1
2921,KELSIE,1
2922,KELTIE MAY,1
2923,KENAI JOY,1
2924,KENDALL,1
2925,KENNA,1
2926,KENNECOTT,1
2927,KENNEDY,1
2928,KENSEY,1
2929,KENZI,1
2930,KEPLER,1
2931,KESHA,1
2932,KET KET,1
2933,KETEL,1
2934,KEWPIE,1
2935,KEYNE,1
2936,KG,1
2937,KHAILANI,1
2938,KHAOS,1
2939,KHERNEL,1
2940,KHLOE,1
2941,KHOLE,1
2942,KHORA,1
2943,KHRONOS,1
2944,KIAORA,1
2945,KIERRA,1
2946,KILA,1
2947,KILAVEA,1
2948,KILEY,1
2949,KILLEY,1
2950,KILLUA,1
2951,KILTER,1
2952,KILTTI,1
2953,KIMA,1
2954,KIMANI,1
2955,KIMBO,1
2956,KIMCHI,1
2957,KIMCHU,1
2958,KIMMEY,1
2959,KIMU,1
2960,KINA,1
2961,KINEO,1
2962,KING BRAMAH,1
2963,KING COLLINS,1
2964,KING LOUIS,1
2965,KING MAUI,1
2966,KINGSLEY,1
2967,KINLEE,1
2968,KINNLEY,1
2969,KINO,1
2970,KINZA,1
2971,KINZLEY,1
2972,KION,1
2973,KIPPER,1
2974,KIROSS,1
2975,KIRRA,1
2976,KISHA,1
2977,KISKA ROO,1
2978,KISKI,1
2979,KISSES,1
2980,KIT,1
2981,KITSI,1
2982,KIVA,1
2983,KIVI,1
2984,KIYA,1
2985,KIZZIE,1
2986,KJ,1
2987,KLARK,1
2988,KLAUS,1
2989,KLHOE,1
2990,KLIM,1
2991,KLUANE,1
2992,KLYDE,1
2993,KNIK,1
2994,KNIKI,1
2995,KNOCKDOWN,1
2996,KNOX,1
2997,KOALA,1
2998,KOBI,1
2999,KOBY,1
3000,KOCHO,1
3001,KODIE,1
3002,KODOS,1
3003,KODUH,1
3004,KOFAC,1
3005,KOHARU,1
3006,KOHL,1
3007,KOJO,1
3008,KOKOA,1
3009,KOKOMO,1
3010,KOKONUT,1
3011,KOKOPELI,1
3012,KOLA,1
3013,KOLBY,1
3014,KOLYA,1
3015,KOMMEN,1
3016,KONA GIRL,1
3017,KONA LEE,1
3018,KONAI,1
3019,KONDOR,1
3020,KONG,1
3021,KONO,1
3022,KONRAD,1
3023,KOOKIE,1
3024,KOOSKA,1
3025,KOPEC,1
3026,KORA,1
3027,KOSMO,1
3028,KOTZEBUE,1
3029,KOYUK,1
3030,KOYUKUK,1
3031,KOZMO,1
3032,KRAKEN,1
3033,KRAMER,1
3034,KRAVEN,1
3035,KREMA,1
3036,KRIEGER,1
3037,KRIXSPIN,1
3038,KRUZ,1
3039,KRYPTON,1
3040,KRYSTAL,1
3041,KUBEL,1
3042,KUIPER,1
3043,KUJII,1
3044,KUJO,1
3045,KUKINI,1
3046,KUKULIQ,1
3047,KULA,1
3048,KULI,1
3049,KUMU,1
3050,KUNA,1
3051,KUNU,1
3052,KUPOH,1
3053,KURO,1
3054,KURO KNIGHT,1
3055,KUSKA,1
3056,KUSKO,1
3057,KUVO,1
3058,KVICHAK,1
3059,KWIN,1
3060,KYA,1
3061,KYA ROSE,1
3062,KYIA,1
3063,KYLA,1
3064,KYLA REN,1
3065,KYNA,1
3066,KYO,1
3067,KYOKO,1
3068,KYRIE,1
3069,KYUUBI,1
3070,LACI,1
3071,LADD,1
3072,LADDY,1
3073,LADI,1
3074,LADY MOLLY,1
3075,LADY PEDACITO,1
3076,LAINEY,1
3077,LAKYN,1
3078,LALANI,1
3079,LAMBEAU,1
3080,LANCE,1
3081,LANCER,1
3082,LANDO,1
3083,LAPHROAIG,1
3084,LAPUA,1
3085,LARSEN,1
3086,LASKA,1
3087,LATE GLAICER,1
3088,LATKE,1
3089,LATTE,1
3090,LAURA,1
3091,LAUREL,1
3092,LAVA,1
3093,LAXUS,1
3094,LAYAH,1
3095,LAYCEE,1
3096,LAYLEE,1
3097,LD GUINEVERE,1
3098,LEELAH,1
3099,LEELO,1
3100,LEELOO,1
3101,LEESI,1
3102,LEFFE,1
3103,LEFTY,1
3104,LEGACY,1
3105,LEGOLAS,1
3106,LEICA,1
3107,LEILANI,1
3108,LEISHA LUCY,1
3109,LEIVA,1
3110,LELU,1
3111,LEMON,1
3112,LEMUR,1
3113,LENA BEAR,1
3114,LENNIE,1
3115,LEONA (LEO),1
3116,LEONARD,1
3117,LEONARDO,1
3118,LEONIDAS,1
3119,LEOPOLD,1
3120,LEROY BROWN,1
3121,LEVANNA,1
3122,LEW,1
3123,LEWIE,1
3124,LEWLEW,1
3125,LEWWI,1
3126,LEX,1
3127,LEXE,1
3128,LEXI ANN,1
3129,LEXUS,1
3130,LEXY,1
3131,LEYLA,1
3132,LIAKA,1
3133,LICORICE,1
3134,LIEBE,1
3135,LIGHTNING,1
3136,LIJHA,1
3137,LIL BEAN,1
3138,LIL BIT,1
3139,LIL DOOKIE,1
3140,LIL EWOK,1
3141,LIL LARRY,1
3142,LIL MOMMA,1
3143,LILA BLUEBEL,1
3144,LILAE,1
3145,LILBIT,1
3146,LILEE,1
3147,LILIE,1
3148,LILIKOI,1
3149,LILLETH,1
3150,LILLIE,1
3151,LILLITH,1
3152,LILOU,1
3153,LILY MAE,1
3154,LILY RAE,1
3155,LILY SUE,1
3156,LINDSEY,1
3157,LINDY,1
3158,LINK,1
3159,LINQ,1
3160,LIRA,1
3161,LIT'L BLUE,1
3162,LITTLE BEANS,1
3163,LITTLE BIT,1
3164,LITTLE BOY,1
3165,LITTLE BUDDY,1
3166,LITTLE BUG,1
3167,LITTLE DOG,1
3168,LITTLE FOOT,1
3169,LITTLE GIRL,1
3170,LITTLE GUY,1
3171,LITTLE LADY,1
3172,LITTLEFOOT,1
3173,LOAF,1
3174,LOCA,1
3175,LOCO,1
3176,LOKEY,1
3177,LOLLIPOP,1
3178,LOLLY,1
3179,LOLLY POP,1
3180,LOLO,1
3181,LONDON,1
3182,LONO,1
3183,LOOTKA,1
3184,LORD MALIA,1
3185,LORD MARSHAL,1
3186,LOTTI,1
3187,LOTTIE,1
3188,LOU DOG,1
3189,LOUIE B,1
3190,LOUIS FRAZIE,1
3191,LOVELY,1
3192,LOVEY,1
3193,LOWKEY,1
3194,LT. DAN,1
3195,LU,1
3196,LUCIA,1
3197,LUCIANO,1
3198,LUCKY DAY,1
3199,LUCY LU,1
3200,LUFFY,1
3201,LUGH,1
3202,LUGO,1
3203,LUIGI,1
3204,LUIS,1
3205,LUKAS,1
3206,LUKE RHEAULT,1
3207,LUKE SKYWALK,1
3208,LUKI,1
3209,LUKKA,1
3210,LULA,1
3211,LULABELL,1
3212,LULU BELL,1
3213,LULU BELLE,1
3214,LUMIERE,1
3215,LUNA OLIVA,1
3216,LUNA STICKS,1
3217,LUNA WOOFGAN,1
3218,LUNA-AUTUMN K,1
3219,LUNABELLA,1
3220,LUNAR,1
3221,LUNDY,1
3222,LUPA,1
3223,LUTHIEN,1
3224,LUXOR,1
3225,LYCOS,1
3226,LYDIA,1
3227,LYKA,1
3228,LYKO,1
3229,LYKOS,1
3230,LYLO,1
3231,LYNCH,1
3232,MABELINE,1
3233,MABLE,1
3234,MAC TAVISH,1
3235,MACDUFF,1
3236,MACE WINDU,1
3237,MACEO,1
3238,MACEY,1
3239,MACHLEMERE,1
3240,MACIE,1
3241,MACKELMOR,1
3242,MADAME CURIE,1
3243,MADCHEN,1
3244,MADDROX,1
3245,MADI,1
3246,MAE MAE,1
3247,MAEBY,1
3248,MAEVE,1
3249,MAGIC,1
3250,MAGNETO,1
3251,MAGNUS,1
3252,MAHLI,1
3253,MAIA,1
3254,MAILE,1
3255,MAILI,1
3256,MAIZEY,1
3257,MAIZEY BLUE,1
3258,MAIZIE,1
3259,MAIZY,1
3260,MAJ TOM,1
3261,MAJI,1
3262,MAKARORA,1
3263,MAKENIZE,1
3264,MAKENZIE,1
3265,MAKO,1
3266,MAKS,1
3267,MALEKITE,1
3268,MALI,1
3269,MALLA,1
3270,MALLIE,1
3271,MALO,1
3272,MALORY,1
3273,MALUS,1
3274,MAMA HOSS,1
3275,MAMACITA,1
3276,MAMBA,1
3277,MAMBO,1
3278,MANA,1
3279,MANDELA,1
3280,MANNING,1
3281,MANTRA,1
3282,MANU,1
3283,MARA,1
3284,MARCELINE,1
3285,MARCY,1
3286,MARGEAUX,1
3287,MARGIE,1
3288,MARIA,1
3289,MARIGOLD,1
3290,MARISHKA,1
3291,MARLA,1
3292,MARSHMALLOW,1
3293,MARSHMELLO,1
3294,MARSY,1
3295,MARTHA W.,1
3296,MARTI,1
3297,MARVEL,1
3298,MARVIN,1
3299,MARY JO,1
3300,MARY NATION,1
3301,MARYJANE,1
3302,MASIE,1
3303,MASTER SPLINTER,1
3304,MATATA,1
3305,MATTHEWMATT,1
3306,MATTI,1
3307,MATTIE,1
3308,MAURICE,1
3309,MAUSER,1
3310,MAUSI,1
3311,MAVIS,1
3312,MAX LEDESMA,1
3313,MAX LEE,1
3314,MAXIMILLIAN,1
3315,MAXIMUSMAX,1
3316,MAXINE,1
3317,MAYBE,1
3318,MAYNARD,1
3319,MAYSIN,1
3320,MAZE,1
3321,MAZEL POM,1
3322,MAZUL,1
3323,MAZZOLINI,1
3324,MCCOVEY,1
3325,MCCOY,1
3326,MCGEE,1
3327,MCGYVER,1
3328,MCKENZIE,1
3329,MCLOVIN,1
3330,MEATBALL,1
3331,MECHO 2,1
3332,MEDUSA,1
3333,MEEKAH,1
3334,MEEPERZ,1
3335,MEG,1
3336,MEGGY,1
3337,MEIKO,1
3338,MEIRA,1
3339,MEL,1
3340,MELAH,1
3341,MELISSA,1
3342,MELKO,1
3343,MELO,1
3344,MELVIN,1
3345,MENDY,1
3346,MEOKI,1
3347,MERICA,1
3348,MERLOT,1
3349,MERRI,1
3350,MERRY,1
3351,MERU,1
3352,MESSI,1
3353,MIA BELLA,1
3354,MICKCHOI,1
3355,MICKY,1
3356,MIDAS,1
3357,MIDGE,1
3358,MIDORI,1
3359,MIK,1
3360,MIKEE,1
3361,MILIAN,1
3362,MILLER,1
3363,MILLI,1
3364,MILLION,1
3365,MILLY,1
3366,MILTON,1
3367,MIMMY,1
3368,MIMOSA,1
3369,MIMZE,1
3370,MINERVA,1
3371,MING,1
3372,MINION,1
3373,MINKA,1
3374,MINNIE BELLE,1
3375,MINNIE MOUSE,1
3376,MINX,1
3377,MIRACLE,1
3378,MIRA-STAR,1
3379,MISCATTO,1
3380,MISCHA,1
3381,MISCHIEF,1
3382,MISEK,1
3383,MISHAA,1
3384,MISS LADY,1
3385,MISS MAZEY,1
3386,MISS PIGGY,1
3387,MISTER GREENE,1
3388,MISTEY J,1
3389,MITAH,1
3390,MITCH,1
3391,MITTENS,1
3392,MITTIE,1
3393,MITZI,1
3394,MIXIE,1
3395,MIYAH,1
3396,MIZUKI,1
3397,MLO,1
3398,MO,1
3399,MOA,1
3400,MOAB,1
3401,MOANA,1
3402,MOANA LANI,1
3403,MOCA,1
3404,MOCCA,1
3405,MOCKEY,1
3406,MOKA,1
3407,MOLLEE,1
3408,MOLLI,1
3409,MOLLY MAY,1
3410,MOLLY MCKAY,1
3411,MOLLY MOP,1
3412,MONTANA,1
3413,MOOJI,1
3414,MOOKIE,1
3415,MOOMOO,1
3416,MOONIES,1
3417,MOONLIGHT,1
3418,MOONSHINE,1
3419,MOOSHKA,1
3420,MOOSHU,1
3421,MOOSYA,1
3422,MORA,1
3423,MORDU,1
3424,MOREMI,1
3425,MOSA,1
3426,MOSELY,1
3427,MOSLEY,1
3428,MOTLEY CRUE,1
3429,MOTTLEE,1
3430,MOUSSE,1
3431,MOWGLY,1
3432,MOZZIE,1
3433,MR CROWLEY,1
3434,MR DARCY,1
3435,MR FLUFFY,1
3436,MR GREEN,1
3437,MR WUFF,1
3438,MR. B,1
3439,MR. BELL,1
3440,MR. BOJANGLES,1
3441,MR. BUGS,1
3442,MR. MAN,1
3443,MR.B,1
3444,MR.T,1
3445,MRS.FROSTINE,1
3446,MRYSKY,1
3447,MUAH,1
3448,MUDFLAP,1
3449,MUDGE,1
3450,MUESLI,1
3451,MUG,1
3452,MUGGLES,1
3453,MUGSY,1
3454,MULUMULU,1
3455,MUMFORD,1
3456,MUPPA,1
3457,MURFY,1
3458,MURPH,1
3459,MUSCOTO,1
3460,MUSHU,1
3461,MUSTI,1
3462,MUTIG,1
3463,MUTTLEY FORD,1
3464,MUZZLE,1
3465,MYA DAVILA,1
3466,MYKA,1
3467,MYKAH,1
3468,MYKO,1
3469,MYLES,1
3470,MYLIE,1
3471,MYSHKA,1
3472,NAGA,1
3473,NAHLA,1
3474,NAHNI,1
3475,NAKITA,1
3476,NALA LILY,1
3477,NALA SKY,1
3478,NALAH,1
3479,NALI,1
3480,NALLIE,1
3481,NALO,1
3482,NAMASTE,1
3483,NANJIRO,1
3484,NANTAHALA,1
3485,NANUK,1
3486,NAPILI,1
3487,NARA,1
3488,NATASHA,1
3489,NATHLIE,1
3490,NATSU,1
3491,NAVEYAH,1
3492,NAZ,1
3493,NDIZI,1
3494,NEAH,1
3495,NEBULA,1
3496,NECA,1
3497,NECROMANCER,1
3498,NECTAR,1
3499,NED,1
3500,NEEKA,1
3501,NEELY,1
3502,NEENA,1
3503,NEFERTITI,1
3504,NE-ILA,1
3505,NELA,1
3506,NELLI,1
3507,NELLIE-JUAN,1
3508,NELSON,1
3509,NEMO,1
3510,NENA,1
3511,NEO NEELEY,1
3512,NEPTUNE,1
3513,NERO,1
3514,NERRE,1
3515,NEVA,1
3516,NEVE,1
3517,NEVIS,1
3518,NEW DOG,1
3519,NEWT,1
3520,NEWT ANN,1
3521,NEYMIRA,1
3522,NIAH,1
3523,NIBBLER,1
3524,NIBBLES,1
3525,NIDA,1
3526,NIEVE,1
3527,NIFTY,1
3528,NIGEL,1
3529,NIGHTLOCK,1
3530,NIGW,1
3531,NIKAULS,1
3532,NIKKO,1
3533,NILA,1
3534,NILCHIK,1
3535,NILES,1
3536,NILLA,1
3537,NILLA VANILL,1
3538,NILLY,1
3539,NIMIERIA,1
3540,NINE,1
3541,NINER,1
3542,NINO BLACK,1
3543,NIPSEY,1
3544,NISKA,1
3545,NIZINA,1
3546,NOA,1
3547,NOBI,1
3548,NOHEA,1
3549,NOLA,1
3550,NOMAR,1
3551,NOOR,1
3552,NOOTKA,1
3553,NORBU CHIMPA,1
3554,NORDY,1
3555,NORM,1
3556,NORMA,1
3557,NORMAN MOP,1
3558,NORTH,1
3559,NOS,1
3560,NOSSI,1
3561,NOUGATHY,1
3562,NOVA JEANNE,1
3563,NUBBY,1
3564,NUNATAK,1
3565,NUNO,1
3566,NUNU,1
3567,NUPTSE,1
3568,NUSHKA,1
3569,NUSKA,1
3570,NUTMEG,1
3571,NYAH,1
3572,NYM,1
3573,NYMERIA,1
3574,NYSSA,1
3575,NYXIE,1
3576,OAKIE,1
3577,OBELIX,1
3578,OBERON,1
3579,OBI WAN,1
3580,OCHO,1
3581,OCTAVIA,1
3582,OCTAVIUS,1
3583,ODIE BRYCE,1
3584,ODO,1
3585,ODYSSEUS,1
3586,OENGUS,1
3587,OGUN,1
3588,OH BOY,1
3589,OHTLI,1
3590,OKOYE,1
3591,OLD PULTENEY,1
3592,OLIN,1
3593,OLIVANDER,1
3594,OLIVER CHAOS,1
3595,OLIVER FENWA,1
3596,OLIVR,1
3597,OLLIE BLAZE,1
3598,OLLIVER,1
3599,OLLVEE,1
3600,OLSEN,1
3601,OLYMPUS,1
3602,O'MALLEY,1
3603,OMEGA,1
3604,OMIE,1
3605,OMLETTE,1
3606,ONA,1
3607,ONNI,1
3608,OOFTA,1
3609,OOGIE,1
3610,OOMI,1
3611,OOSHKA,1
3612,OPIE COSBY,1
3613,OPTIMUS,1
3614,OREO PUP,1
3615,ORIE,1
3616,ORKA,1
3617,ORPHIE,1
3618,ORSA,1
3619,ORZO,1
3620,OSA,1
3621,OSCAR MEYER WEINER DOG,1
3622,OSLO,1
3623,OSWIN,1
3624,OUTLAW,1
3625,OWEN WAFFLES,1
3626,OX,1
3627,OXFORD,1
3628,PABST,1
3629,PACHA,1
3630,PACINO,1
3631,PACKER,1
3632,PADAMAE,1
3633,PAGE,1
3634,PAI,1
3635,PAINT,1
3636,PAISELY,1
3637,PAISLY,1
3638,PALEO,1
3639,PALIN,1
3640,PALOMA,1
3641,PAM,1
3642,PANGUIS,1
3643,PANTERA,1
3644,PANZER,1
3645,PAPAYA,1
3646,PAPI DOGG,1
3647,PASHKA,1
3648,PATIENCE,1
3649,PATTON,1
3650,PAUL,1
3651,PAVEL,1
3652,PAWLY,1
3653,PAWS,1
3654,PAXIL,1
3655,PAYTON,1
3656,PEARL SHEMYA,1
3657,PEBBLE,1
3658,PEDEY,1
3659,PEDRO,1
3660,PEEBODY,1
3661,PEG,1
3662,PEN,1
3663,PENGO,1
3664,PENGUIN,1
3665,PENNIE LANG,1
3666,PENNY ROSE,1
3667,PEPE,1
3668,PEPE LE PEAU,1
3669,PEPPA,1
3670,PERCEUS,1
3671,PERFECT,1
3672,PERIWINKLE,1
3673,PESKY,1
3674,PESO,1
3675,PESTO,1
3676,PETER PAN,1
3677,PETRIE,1
3678,PHACKUPPIE,1
3679,PHAEDRA,1
3680,PHANTOM,1
3681,PHAROAH,1
3682,PHAROHH,1
3683,PHARRO,1
3684,PHATTY,1
3685,PHEOBE,1
3686,PHIDO,1
3687,PHILO,1
3688,PHINEAS,1
3689,PHINNEAS,1
3690,PHOTON,1
3691,PHU BHU,1
3692,PIERRE,1
3693,PIG,1
3694,PIGLET,1
3695,PIIN BEAN,1
3696,PIKACHU,1
3697,PIKE,1
3698,PILGRIM,1
3699,PINATA,1
3700,PING,1
3701,PINK,1
3702,PIP,1
3703,PIPELINE,1
3704,PIPER DEE,1
3705,PIPI,1
3706,PISSANT,1
3707,PISTEN,1
3708,PIXI,1
3709,PJ,1
3710,PLACER,1
3711,PLACIDO,1
3712,PO,1
3713,POGE,1
3714,POGO,1
3715,POIKA,1
3716,POIROT,1
3717,POKDOL,1
3718,POKI,1
3719,POLA,1
3720,POLARBEAR,1
3721,PONGO,1
3722,POOCH,1
3723,POO-CHIE,1
3724,POOH BEAR,1
3725,POOKA,1
3726,POOPSIE,1
3727,POPCORN,1
3728,POPPER,1
3729,POPPI,1
3730,POPPINS,1
3731,POPPY JO,1
3732,POPPY LUU,1
3733,POPPY MAY,1
3734,PORCHIE,1
3735,PORKY,1
3736,PORTHOS,1
3737,POSSUM,1
3738,POTATO,1
3739,PRADA,1
3740,PREQUE,1
3741,PRICE,1
3742,PRIM ROSE,1
3743,PRINCE  DIN,1
3744,PRINCES,1
3745,PRINCESA,1
3746,PRINCESS DELILAH,1
3747,PRINCESS JR,1
3748,PRINCESS LEIA,1
3749,PRINCESS WAF,1
3750,PRINGLES,1
3751,PROMETHEUS,1
3752,PROPHET,1
3753,PROSPECT,1
3754,PROTAG,1
3755,PSYCH,1
3756,PUDDING,1
3757,PUERQUITO,1
3758,PUFF,1
3759,PUFFIN,1
3760,PUG,1
3761,PUGGY SUE,1
3762,PUK PUY,1
3763,PUKU,1
3764,PUKUK,1
3765,PUMBA,1
3766,PUNGUIS,1
3767,PUNKY,1
3768,PUNZI,1
3769,PUPAS,1
3770,PUPPET,1
3771,PUPPY PRECIOUS,1
3772,PUPPY/TACO,1
3773,PURDEY,1
3774,PURDY,1
3775,PUZZLES,1
3776,PY,1
3777,PYPER,1
3778,QI,1
3779,QINU,1
3780,QP,1
3781,QUARTZ,1
3782,QUE,1
3783,QUOKKA,1
3784,QUPAAK,1
3785,R-2,1
3786,RA,1
3787,RACHEL,1
3788,RACLETTE,1
3789,RADAGAST,1
3790,RADAR,1
3791,RAE V'N,1
3792,RAFIKI,1
3793,RAGHAR,1
3794,RAINBOW,1
3795,RAINFLY,1
3796,RAINIE,1
3797,RAINIER,1
3798,RAINY,1
3799,RAISA,1
3800,RAIVO,1
3801,RAJ,1
3802,RALPH,1
3803,RAMON,1
3804,RAMPAGE,1
3805,RAMSAY,1
3806,RANDA,1
3807,RANDY,1
3808,RANGER JONES,1
3809,RANGER SEGUNDO,1
3810,RANGO,1
3811,RANSON,1
3812,RASPBERRY,1
3813,RASPUTIN,1
3814,RASTA,1
3815,RAVIN,1
3816,RAWHIDES SCOUT,1
3817,RAWLY,1
3818,RAYANN,1
3819,RAYLAN,1
3820,RAYNI,1
3821,RAYNIE,1
3822,RAYNIE MAE,1
3823,RAYVEN,1
3824,RAZ,1
3825,RAZOR,1
3826,RAZZLE,1
3827,RD,1
3828,READY,1
3829,REAPER,1
3830,REAVER,1
3831,REBA,1
3832,REBE,1
3833,RECOIL,1
3834,RED DOG,1
3835,REDD,1
3836,REDDI,1
3837,REECE,1
3838,REECESS,1
3839,REEREE,1
3840,REESA,1
3841,REGINA,1
3842,REIGN,1
3843,REILLY,1
3844,RELLA,1
3845,REMI ALI,1
3846,REMI BASIL,1
3847,REMINGTON STEEL,1
3848,REMMINGTON,1
3849,REMUS,1
3850,REN,1
3851,RENA,1
3852,RENFIELD,1
3853,RENI,1
3854,RENNY,1
3855,RENO,1
3856,RENO GREENE,1
3857,RENO LLOYD,1
3858,REO,1
3859,REPLAY,1
3860,REPTAR,1
3861,RESER,1
3862,REUBEN,1
3863,REV,1
3864,REVOLVER,1
3865,REXI,1
3866,REYES,1
3867,REYNA,1
3868,RHAEGAL,1
3869,RHODY,1
3870,RHYLLEE,1
3871,RIAIRONAIRE,1
3872,RICCO,1
3873,RICHARD,1
3874,RICHIE,1
3875,RICK,1
3876,RICK JAMES,1
3877,RICKEY,1
3878,RICKI LEE,1
3879,RICKTOR,1
3880,RICO SUAVE,1
3881,RIDDLE,1
3882,RIDER,1
3883,RIED,1
3884,RIFLE,1
3885,RIGBY,1
3886,RIGGO,1
3887,RIGGS,1
3888,RIGLEY,1
3889,RIKU,1
3890,RILEE,1
3891,RILEY HOOD,1
3892,RIMMY,1
3893,RINCON,1
3894,RINGO III,1
3895,RINGO STAR,1
3896,RIP,1
3897,RIVA,1
3898,RIVAK,1
3899,RIVEN,1
3900,RIVERS,1
3901,RIVET,1
3902,RIZLEY,1
3903,RJ SHILO,1
3904,ROARK,1
3905,ROBBER,1
3906,ROBBIE JR,1
3907,ROCC,1
3908,ROCKET E,1
3909,ROCKETMAN,1
3910,ROCKSTAR,1
3911,ROCKY BLUE,1
3912,ROCKY ROAD,1
3913,RODEO,1
3914,RODNEY,1
3915,ROHN,1
3916,ROKI,1
3917,ROLAND,1
3918,ROLLIE,1
3919,ROLLO,1
3920,ROMANY BROWN,1
3921,ROMMEL,1
3922,ROMNEY,1
3923,RONAN,1
3924,RONDY,1
3925,RONNIE,1
3926,RONNON,1
3927,ROOKIE,1
3928,ROONEY,1
3929,ROOSTER,1
3930,RORI,1
3931,RORY,1
3932,ROSA,1
3933,ROSE SANTANA,1
3934,ROSEE,1
3935,ROSHE,1
3936,ROSSI,1
3937,ROSY,1
3938,ROUGE,1
3939,ROULETTE,1
3940,ROUSSEAU,1
3941,ROVX,1
3942,ROWAN,1
3943,ROWDEY,1
3944,ROXXY,1
3945,RRARI,1
3946,RUBEN,1
3947,RUBERT,1
3948,RUBIO,1
3949,RUBY DELICOU,1
3950,RUBY ROSE,1
3951,RUCK,1
3952,RUCKEE,1
3953,RUCKUS,1
3954,RUCKUS ATTICUS,1
3955,RUDDER,1
3956,RUDI,1
3957,RUDY BEAN,1
3958,RUEGER,1
3959,RUFFY,1
3960,RUGAR,1
3961,RUMBLE,1
3962,RUMO,1
3963,RUMOR,1
3964,RUNE,1
3965,RUNNING BEAR,1
3966,RUPA DALTON,1
3967,RUPAL,1
3968,RUSSEL,1
3969,RUSSELL,1
3970,RUSSIA,1
3971,RUSTY WALLACE,1
3972,RUTH,1
3973,RUTHIE,1
3974,RYA JAYNE,1
3975,RYAN,1
3976,RYLAN,1
3977,RYLIE,1
3978,RYUK,1
3979,RYUU,1
3980,RYZO,1
3981,RZR,1
3982,SABBATH,1
3983,SABINE,1
3984,SABOO,1
3985,SABOT,1
3986,SADIE 1,1
3987,SADIE MAE,1
3988,SADIE RENEE,1
3989,SADIE RUTH,1
3990,SAELEE,1
3991,SAFFRON,1
3992,SAIDAH,1
3993,SAKO,1
3994,SAL,1
3995,SALA,1
3996,SALTY,1
3997,SAM ELLIOTT,1
3998,SAME,1
3999,SAMMI,1
4000,SAMURI JACK,1
4001,SAMUS,1
4002,SAMY,1
4003,SANAK,1
4004,SANCHA,1
4005,SANCHO,1
4006,SANDI,1
4007,SANSA,1
4008,SANTO,1
4009,SAP,1
4010,SAPPER,1
4011,SAPPHIRE,1
4012,SARA,1
4013,SARA Z,1
4014,SARABAO,1
4015,SARGENT,1
4016,SASCHA,1
4017,SASKIA,1
4018,SATCHEL,1
4019,SATO,1
4020,SAVANNAH,1
4021,SAVVY,1
4022,SAWYER,1
4023,SAYAH,1
4024,SCAMPER,1
4025,SCARFACE,1
4026,SCHATZIE,1
4027,SCHOONER,1
4028,SCHOTT,1
4029,SCHRAIDER,1
4030,SCHUBERT,1
4031,SCHWARZ,1
4032,SCOOBY DOO,1
4033,SCOTTIE PIPPIN,1
4034,SCOTTY JON,1
4035,SCRAPS,1
4036,SEABRO,1
4037,SEAN,1
4038,SEBASTION,1
4039,SEBEAL,1
4040,SEDONA,1
4041,SEDONA PIP,1
4042,SEELEY,1
4043,SEGA,1
4044,SEGOTIA,1
4045,SELINA,1
4046,SELKIE,1
4047,SELWYNN,1
4048,SENECA,1
4049,SENTRY,1
4050,SEQUAIA,1
4051,SEQUOIA,1
4052,SEREC,1
4053,SERENITY,1
4054,SERGEANT PEPPER,1
4055,SERGENT HOT POCKET,1
4056,SERVET,1
4057,SETH,1
4058,SEVEN,1
4059,SEXY,1
4060,SHADOW`,1
4061,SHAGGY,1
4062,SHAHARA,1
4063,SHAKE-N-BAKE,1
4064,SHAKERS,1
4065,SHALE,1
4066,SHANE,1
4067,SHANELL,1
4068,SHANNON,1
4069,SHANOOK,1
4070,SHARKEY,1
4071,SHAWNI,1
4072,SHAY,1
4073,SHAYERA,1
4074,SHAYLA,1
4075,SHEA,1
4076,SHE-BEAR,1
4077,SHEERA,1
4078,SHELBI,1
4079,SHELL,1
4080,SHELTON,1
4081,SHENZI,1
4082,SHEP,1
4083,SHEPHERD,1
4084,SHERIFF,1
4085,SHERPA,1
4086,SHIELA,1
4087,SHINE,1
4088,SHINER,1
4089,SHIPPO,1
4090,SHIRA,1
4091,SHIVA,1
4092,SHOFAR,1
4093,SHOGUN,1
4094,SHOOTER,1
4095,SHREDDER,1
4096,SHRIMP,1
4097,SHUFTI,1
4098,SHUGLAH,1
4099,SHUKSAN,1
4100,SHYANNE,1
4101,SHYTIA,1
4102,SIBYLLA,1
4103,SIENNA,1
4104,SIF,1
4105,SIG,1
4106,SIGUR,1
4107,SIGURD,1
4108,SILAS,1
4109,SILKIE,1
4110,SILKY,1
4111,SIMCOE,1
4112,SIMKA,1
4113,SIMO,1
4114,SIMON PETER,1
4115,SIMONE,1
4116,SINEW,1
4117,SINO,1
4118,SIR DINKY,1
4119,SIR FRANCIS,1
4120,SIR TIGGOR LEE,1
4121,SIRIUS,1
4122,SISTER,1
4123,SITA,1
4124,SITKA ROSE,1
4125,SITO,1
4126,SKAÃI,1
4127,SKEETER,1
4128,SKEETER JONES,1
4129,SKEETERBUG,1
4130,SKEEZ,1
4131,SKIDOO,1
4132,SKIFF,1
4133,SKILAK,1
4134,SKILLET,1
4135,SKIP,1
4136,SKIPPY BAROO,1
4137,SKITTLE,1
4138,SKOOGA,1
4139,SKYWHY,1
4140,SLADE,1
4141,SLIPPERS,1
4142,SLOOPY,1
4143,SLUICEBOX,1
4144,SMITH,1
4145,SMOOCH,1
4146,SMUDGE,1
4147,SMUDGES,1
4148,SNAPPLE,1
4149,SNIK,1
4150,SNOOKI,1
4151,SNOOKIE,1
4152,SNOOP DOG,1
4153,SNORT,1
4154,SNOW BALL,1
4155,SNUGGLES,1
4156,SODA,1
4157,SOL,1
4158,SOLE,1
4159,SOLEIL,1
4160,SOLI,1
4161,SOLSTICE,1
4162,SONIC,1
4163,SOOT,1
4164,SOPHIE BELLE,1
4165,SOQUETE,1
4166,SORAYA,1
4167,SORSHA,1
4168,SPARKS,1
4169,SPARLEY,1
4170,SPARTACUS POSEIDON,1
4171,SPARTICA,1
4172,SPAZZ,1
4173,SPECK,1
4174,SPEEDO,1
4175,SPIDER,1
4176,SPITE,1
4177,SPITFIRE,1
4178,SPLASH,1
4179,SPOOKY,1
4180,SPOONS,1
4181,SPOTTIN,1
4182,SPRIG,1
4183,SPRING,1
4184,SPRITZEN,1
4185,SPRUCE,1
4186,SPRYTE,1
4187,SPUD BUDDY,1
4188,SPUDS,1
4189,SQUALL,1
4190,SQUEEGEE,1
4191,SQUID,1
4192,SQUISH,1
4193,STANLEY CHEESEBURGER,1
4194,STAR CHILD,1
4195,STARBRIGHT,1
4196,STARBUCK,1
4197,STARFIRE,1
4198,STARLIGHT,1
4199,STARLING,1
4200,STARR,1
4201,STASH,1
4202,STEAK,1
4203,STEIN,1
4204,STELLA ROSE,1
4205,STEWART,1
4206,STINKY,1
4207,STOFFLE,1
4208,STORI,1
4209,STUART,1
4210,STUBBS,1
4211,STUNNER,1
4212,SUBIE,1
4213,SUDA,1
4214,SUE-SUE,1
4215,SUGA,1
4216,SUGAR BEAR,1
4217,SUGAR BELL,1
4218,SUGAR RAY,1
4219,SUGAR-B,1
4220,SUGAR-BABE,1
4221,SUGARFOOT,1
4222,SUGI,1
4223,SULA,1
4224,SULU,1
4225,SUMITT,1
4226,SUMO,1
4227,SUNFLOWER,1
4228,SUNNY SOLSTICE,1
4229,SUPER DAVE,1
4230,SUR,1
4231,SURLY,1
4232,SURRI,1
4233,SURVIVOR,1
4234,SUSHI,1
4235,SUUGI,1
4236,SUVA,1
4237,SUZI,1
4238,SUZY Q,1
4239,SUZY-Q,1
4240,SUZZY,1
4241,SWEET CHEEKS,1
4242,SWEETIE PIE,1
4243,SWEETNESS,1
4244,SWEETUMS,1
4245,SWEETY PIE,1
4246,SWISHER,1
4247,SWIVEL,1
4248,SWIVEL SHOT,1
4249,SWIX,1
4250,SYL,1
4251,SYLVIA ROSE,1
4252,SYLVIO,1
4253,SYMBA,1
4254,TACKLA,1
4255,TADI,1
4256,TAFITI,1
4257,TAI-CHO,1
4258,TAIMI,1
4259,TAJ,1
4260,TAKESHI,1
4261,TALA,1
4262,TALES,1
4263,TALIA,1
4264,TALLEY,1
4265,TALLIE,1
4266,TALLY,1
4267,TAMA,1
4268,TAMI,1
4269,TAMMY,1
4270,TAMSIN,1
4271,TANDY,1
4272,TANGO,1
4273,TANJI,1
4274,TANKIE,1
4275,TANNA,1
4276,TAR,1
4277,TARI,1
4278,TARLY,1
4279,TARO,1
4280,TAROKO,1
4281,TAS,1
4282,TASER,1
4283,TASHA-BELLE,1
4284,TASMAN,1
4285,TASMIN,1
4286,TASSIE,1
4287,TATE,1
4288,TATER,1
4289,TATER TOTT,1
4290,TATIA,1
4291,TAWNY,1
4292,TAZER,1
4293,TAZZIE,1
4294,TCHALLA,1
4295,TEACUP/AIKO,1
4296,TEAK,1
4297,TEAL,1
4298,TEBEAU,1
4299,TEBOW,1
4300,TECKLA,1
4301,TEE,1
4302,TEEKA,1
4303,TEEKO,1
4304,TEETER,1
4305,TEFAP,1
4306,TEGAN,1
4307,TEIGA,1
4308,TELLOW,1
4309,TEMBA,1
4310,TEMPRA,1
4311,TEPHRA,1
4312,TEQA,1
4313,TEQUILA,1
4314,TERA,1
4315,TERRA,1
4316,TERRAMISU,1
4317,TERRANCE,1
4318,TERRY,1
4319,TESSER,1
4320,TESSIE,1
4321,TETSUO,1
4322,THABO,1
4323,THEA,1
4324,THEIA,1
4325,THELMA,1
4326,THEODORE,1
4327,THEODRE,1
4328,THOMPSON,1
4329,THORA,1
4330,THOVEN,1
4331,THRASHER,1
4332,THULE,1
4333,TIBBY,1
4334,TIBERIUS,1
4335,TICKLE,1
4336,TIENE,1
4337,TIFFANY,1
4338,TIGRESS,1
4339,TIKAANI RIVER,1
4340,TIKI,1
4341,TIKVA,1
4342,TIMBO,1
4343,TIMBRE,1
4344,TIMOTHY,1
4345,TINDEN,1
4346,TINDY,1
4347,TINGTING,1
4348,TINKER,1
4349,TINKER BELLE,1
4350,TINKERBELLE,1
4351,TIPPER,1
4352,TISA,1
4353,TISHKA,1
4354,TN,1
4355,TOAD,1
4356,TOAST,1
4357,TOASTIE,1
4358,TOBBY,1
4359,TOBI,1
4360,TOBIAH,1
4361,TOBIE,1
4362,TOBIKO,1
4363,TOBIT,1
4364,TOBLERONE,1
4365,TOFFEN,1
4366,TOFU,1
4367,TOGIAK,1
4368,TOIVO,1
4369,TOJI,1
4370,TOKA,1
4371,TOKEN,1
4372,TOKKI,1
4373,TOKLAT,1
4374,TOLMIN,1
4375,T-ONE,1
4376,TONKS,1
4377,TOO TOO,1
4378,TOOLIK,1
4379,TOOTIE,1
4380,TOOZI,1
4381,TOPA,1
4382,TOPPER,1
4383,TOR,1
4384,TORA,1
4385,TORDEN,1
4386,TORONTO,1
4387,TORQUE,1
4388,TOTO,1
4389,TOURQUE,1
4390,TOVE,1
4391,TOVIA,1
4392,TOWELIE,1
4393,TOWZER,1
4394,TRANGO,1
4395,TRAPPER JACK,1
4396,TRAVELER,1
4397,TRAVIS,1
4398,TRAY BEAST,1
4399,TREASURE,1
4400,TREK,1
4401,TRINA,1
4402,TRINITY,1
4403,TRIP,1
4404,TRISCUIT,1
4405,TRIXI,1
4406,TRIXX,1
4407,TRON,1
4408,TROUPER,1
4409,TROY,1
4410,TRUCK,1
4411,TRUCKER,1
4412,TRULIK,1
4413,TRUMAN,1
4414,TRYGG,1
4415,TSUGA,1
4416,TSUNAMI,1
4417,TSUNE,1
4418,TUA,1
4419,TUCKEE,1
4420,TUCO,1
4421,TUCSON,1
4422,TUGARUS,1
4423,TUKO,1
4424,TULO,1
4425,TUMAN,1
4426,TUNA,1
4427,TUNDRA JADE,1
4428,TUNK,1
4429,TURKISH,1
4430,TUSO,1
4431,TUT,1
4432,TUTU,1
4433,TUUKA,1
4434,TUULI,1
4435,TUXEDO,1
4436,TUYUK,1
4437,TWEEX,1
4438,TWIG,1
4439,TWINK,1
4440,TWINKIE,1
4441,TWINKY,1
4442,TWIX,1
4443,TYBEARIOUS,1
4444,TYBEARIUS,1
4445,TYE,1
4446,TYNIN,1
4447,TYRONE,1
4448,UKIE,1
4449,UKKO,1
4450,UKSUQ,1
4451,ULLR,1
4452,ULU,1
4453,UMI,1
4454,UNA,1
4455,UNKNOWN,1
4456,UNO,1
4457,UNUK,1
4458,URSA,1
4459,URSULA,1
4460,USD,1
4461,USHER,1
4462,VAIDA,1
4463,VALENTINO,1
4464,VALLEY,1
4465,VALLOR,1
4466,VAN,1
4467,VANN,1
4468,VANZ,1
4469,VAYNE,1
4470,VEGAS GREENE,1
4471,VELLA,1
4472,VELMA,1
4473,VENOM,1
4474,VENTA GUMS,1
4475,VERDELLE,1
4476,VERONA,1
4477,VERSACE,1
4478,VERSACE CHAC,1
4479,VEX,1
4480,VICTOR,1
4481,VIDA,1
4482,VIDA LOCA,1
4483,VINCENZO,1
4484,VIOLA,1
4485,VITO,1
4486,VIVA,1
4487,VIVIAN,1
4488,VIXEN,1
4489,VIXIE,1
4490,VLAD,1
4491,VLYKRIE,1
4492,VUDU,1
4493,WALDO,1
4494,WALDO V,1
4495,WALKER,1
4496,WALLA,1
4497,WALLACE,1
4498,WANDA,1
4499,WARSHACK,1
4500,WASHBURN,1
4501,WAWA,1
4502,WEASEL,1
4503,WEBLEY,1
4504,WEEGEE,1
4505,WEEGO,1
4506,WEENA,1
4507,WEENIE,1
4508,WELLINGTON,1
4509,WENDY,1
4510,WENJI,1
4511,WENTWORTH,1
4512,WERNHER,1
4513,WESTON,1
4514,WHEELER,1
4515,WHEEZY,1
4516,WHIDBEY,1
4517,WHISKEY GIRL,1
4518,WHITEY,1
4519,WIGEON,1
4520,WILE E,1
4521,WILE-E,1
4522,WILLARD,1
4523,WILLIAM,1
4524,WILLIAM WALLACE,1
4525,WILLOUGHBY,1
4526,WILLOW BLUEY,1
4527,WINDE,1
4528,WINIFRED,1
4529,WINNER,1
4530,WINRY,1
4531,WINSTON CHUR,1
4532,WINSTON II,1
4533,WOJO,1
4534,WONTON,1
4535,WOODDY,1
4536,WOOKIE,1
4537,WOPPER,1
4538,WRANGLE,1
4539,WULA,1
4540,WYNN,1
4541,WYNNIE,1
4542,WYNTER,1
4543,XANADY,1
4544,XENO,1
4545,XION,1
4546,XOODZI,1
4547,XUN,1
4548,YAGER,1
4549,YANG,1
4550,YARROW,1
4551,YATTA,1
4552,YETTA,1
4553,YIN,1
4554,YIPPEE,1
4555,YKSI,1
4556,YOKUL,1
4557,YOLO,1
4558,YONA,1
4559,YOUBE,1
4560,YUJI,1
4561,YUKA,1
4562,YUKON CORNELIUS FUDGE,1
4563,YUMA,1
4564,YUNA,1
4565,YUNI,1
4566,YUTI,1
4567,YUUKO,1
4568,YZMA,1
4569,ZAC,1
4570,ZACH,1
4571,ZADER,1
4572,ZADIE,1
4573,ZAHA,1
4574,ZAKLEE,1
4575,ZAMBONI ON ICE,1
4576,ZANDER DUKE,1
4577,ZANE,1
4578,ZARAH,1
4579,ZAYCA,1
4580,ZAZEE,1
4581,ZEEVAH,1
4582,ZEISS,1
4583,ZELL,1
4584,ZELLA,1
4585,ZEPHYR,1
4586,ZEPPY,1
4587,ZEST,1
4588,ZETA,1
4589,ZEVEN ATHENA,1
4590,ZHU,1
4591,ZIGGABELLE,1
4592,ZIGGS,1
4593,ZIGGY STARDUST,1
4594,ZILLA,1
4595,ZILOH,1
4596,ZION LYNN,1
4597,ZIPPO,1
4598,ZIRCOM,1
4599,ZIVA RANAE,1
4600,ZIZU,1
4601,ZOD,1
4602,ZODIAK,1
4603,ZOEY DAISY,1
4604,ZOEY LYNN,1
4605,ZOIE,1
4606,ZONA,1
4607,Z-ONE,1
4608,ZOOMIE,1
4609,ZORBA,1
4610,ZORRA,1
4611,ZOTTER,1
4612,ZOYA,1
4613,ZUES,1
4614,ZUILA,1
4615,ZUKI DOINA,1
4616,ZULA,1
4617,ZULY,1
4618,ZUMA,1
4619,ZUNNY,1
4620,ZURI,1
4621,ZUZU,1